Pregunta,Respuesta,id,top_1_id,top_2_id,top_3_id
"Según el artículo de Clarín del 14 de marzo de 2022, ¿qué porcentaje de aumento en el precio de la nafta premium se aplicó desde la madrugada de este lunes?","La nafta premium tuvo un aumento del 11,5%.",1489,1489,794,182
"De acuerdo con el artículo de Clarín del 31 de enero de 2022, ¿cómo reaccionó Cristina Kirchner ante la decisión de su hijo Máximo Kirchner de renunciar a la jefatura del bloque del Frente de Todos?",Cristina Kirchner no estuvo de acuerdo con la decisión de Máximo Kirchner.,545,545,781,417
"Según el artículo de Perfil.com del 17 de marzo de 2022, ¿quiénes son los cinco presidentes y ministros argentinos que más dificultades han demostrado al hablar inglés?","Según el artículo, los cinco presidentes y ministros argentinos que más dificultades han demostrado al hablar inglés son Carlos Menem, Domingo Cavallo, Cristina Kirchner, Mauricio Macri y Santiago Cafiero.",1396,1396,1597,1432
"De acuerdo con el artículo publicado en el diario La Nación el 9 de abril de 2022, ¿cuál fue el argumento principal del juez federal Alejo Ramos Padilla para archivar la causa por la ocupación del predio del exClub Planeadores en Los Hornos?","El juez Ramos Padilla argumentó que la ocupación del predio ocurrió ""a plena luz del día"" y ""a la vista de todos"", por lo que no constituía delito.",2218,2218,2678,882
"De acuerdo con el diputado nacional Facundo Manes, ¿qué medidas estatales deberían tomarse para prevenir muertes por consumo de cocaína adulterada, según el artículo del diario Perfil publicado el 3 de febrero de 2022?","Manes propone la regulación estatal de la cocaína, incluyendo políticas de prevención y control de daños, argumentando que la evidencia de otros países demuestra la efectividad de esta medida.",746,746,660,693
"De acuerdo con el artículo del diario Clarín del 2 de febrero de 2022, ¿qué postura tomó la Sociedad Civil Abogados Solidarios ante el discurso del juez Juan Ramos Padilla en la marcha del 1 de febrero contra la Corte Suprema de Justicia?",La Sociedad Civil Abogados Solidarios repudió el discurso del juez Juan Ramos Padilla en la marcha contra la Corte Suprema y aclaró que sus dichos no representaban a la entidad.,882,882,404,3155
"Según el artículo del diario Perfil publicado el 23 de marzo de 2022, ¿qué porcentaje representó el crecimiento del uso de dinero electrónico en enero de 2022 en comparación con diciembre de 2021?","El uso de dinero electrónico en Argentina aumentó un 3,6% en enero de 2022 en comparación con diciembre de 2021.",1916,1916,1103,182
"De acuerdo con el artículo de Clarín del 9 de febrero de 2022, ¿qué medida tomaron los residentes del Club de Campo Abril en respuesta a la solicitud de la familia Moyano para alquilar una propiedad en el club?",Los residentes del Club de Campo Abril firmaron una carta dirigida al Directorio del club expresando su rechazo a la admisión de la familia Moyano.,907,907,2643,3076
"Según el artículo publicado en Perfil el 27 de junio de 2022, ¿qué fenómeno económico se considera una amenaza para la economía global, y cómo se caracteriza?","La estanflación, que se caracteriza por la combinación de inflación acelerada y un estancamiento económico, es una amenaza emergente para la economía mundial.",4393,4393,2810,970
"Según Eduardo Bolsonaro, hijo del presidente de Brasil, ¿qué similitudes existen entre la situación política de Javier Milei en Argentina y la de su padre, Jair Bolsonaro, en Brasil?","Eduardo Bolsonaro sostiene que tanto Milei como su padre fueron víctimas de ataques por parte de la izquierda, quienes lanzaron acusaciones infundadas en su contra.",2740,2740,4209,2502
"Según el artículo de Clarín del 20 de abril de 2022, ¿cuál es el objetivo principal de la movilización de los movimientos sociales oficialistas el 1 de mayo?",La movilización del 1 de mayo busca respaldar el impuesto a la renta inesperada y presionar por la agenda de la economía popular.,2431,2431,1756,3289
"Según el artículo de Perfil.com del 2 de junio de 2022, ¿cuál es el beneficio principal que ofrece la nueva visa para 'nómades digitales' en comparación con los visados de turismo existentes?","La visa para 'nómades digitales' permite una estadía de hasta un año en Argentina, duplicando el tiempo de permanencia que ofrece el visado de turismo.",3656,3656,3694,2764
"Según el artículo de Perfil del 5 de abril de 2022, ¿qué medidas tomó el Banco Provincia ante las denuncias de débitos desconocidos en las cuentas de sus clientes?","El Banco Provincia negó que se tratara de un hackeo y aseguró que sus sistemas de seguridad no fueron violados, ofreciendo a los clientes asistencia a través de sus canales de comunicación y un paso a paso para corroborar la autorización de los débitos.",1908,1908,2459,2182
"Según un artículo del diario Perfil del 29 de mayo de 2022, ¿cuál es la propuesta de un proyecto de ley presentado por la oposición para combatir la inflación en Argentina?","El proyecto de ley propone eliminar dos ceros al peso argentino, estableciendo que 100 pesos equivalen a 1 peso, y que el Banco Central emita billetes y monedas en base a esta nueva paridad.",3570,3570,2984,2944
"Según el artículo de La Nación del 25 de enero de 2022, ¿cuál es el principal mercado actual para la empresa Un Mate, fundada por cuatro hermanos holandeses?","Actualmente, el mercado local representa el 90% de las ventas de Un Mate.",325,325,345,3433
"Según el artículo de Clarín del 13 de febrero de 2022, ¿cuál es la principal crítica de Patricia Bullrich hacia el gobernador de Córdoba, Juan Schiaretti?",Patricia Bullrich critica que Juan Schiaretti ha gobernado Córdoba durante más de 20 años y considera que es tiempo de un cambio.,847,847,238,1728
"De acuerdo a una entrevista del 27 de septiembre de 2021 publicada por La Nación, ¿qué opinión tiene Javier Milei sobre la comida?",Javier Milei considera que la comida es simplemente una necesidad fisiológica para alimentar el cuerpo y no le genera ningún tipo de placer.,4292,4292,4252,4432
"Según el artículo del diario La Nación, publicado el 9 de marzo de 2022, ¿qué razón argumentó Emepa para pagar una tasa de US$800.000 para que se revise la licitación corta del dragado de la Hidrovía?","Emepa argumentó que la Administración General de Puertos (AGP) no calificó correctamente a su consorcio con Rohde Nielsen, impugnando el dictamen de precalificación emitido por la AGP.",1238,1238,1559,2938
"Según el ministro del Interior, Eduardo 'Wado' de Pedro, ¿cuál es el principal objetivo de su participación en Expoagro 2022 y cómo se relaciona con la situación económica actual de Argentina?","De Pedro busca generar sinergia entre el Gobierno y el sector agroindustrial para impulsar la producción y el empleo, con el objetivo de sacar a la mitad de la población argentina de la pobreza.",1563,1563,2910,750
"De acuerdo al artículo de La Nación, ¿cuál es la característica distintiva de la casa ""La Islerita"" en relación al orden tradicional de los pisos en una vivienda?","La casa ""La Islerita"" tiene las áreas sociales en los pisos superiores, en lugar de los pisos inferiores, para aprovechar las mejores vistas y la luz natural.",1743,1743,1142,779
"Según el diario La Nación, ¿cuántas toneladas de limones se perderán en Corrientes debido a la falta de gasoil en la campaña de cosecha de mayo, junio y julio de 2022?",Se perderán 25.000 toneladas de limones.,3814,3814,3408,3692
"Según el artículo publicado en Clarín el 22 de mayo de 2022, ¿cuál fue la principal razón por la que Sabrina Sansone renunció a su cargo como Secretaria de Cultura de Salta?",Sabrina Sansone renunció debido a la percepción de que se malgasta el erario público en gente que no valora su trabajo y que le hurta el dinero a los salteños.,3336,3336,2721,4337
"Según declaraciones de Hilda 'Chiche' Duhalde en el diario Perfil el 4 de abril de 2022, ¿qué sentimientos le genera el kirchnerismo?",Hilda 'Chiche' Duhalde confiesa sentir 'un asco terrible' por el kirchnerismo.,1841,1841,2646,428
"Según el artículo de La Nación del 10 de mayo de 2022, ¿cuál fue la principal tensión que se evidenció durante la cena anual de la Fundación Libertad?","La principal tensión durante la cena anual de la Fundación Libertad fue la lucha por el liderazgo dentro de Juntos por el Cambio, con Horacio Rodríguez Larreta y Patricia Bullrich mostrando sus diferencias en cuanto a la estrategia para ganar la presidencia en 2023.",3092,3273,3092,1808
"Según Patricia Bullrich, ¿cuál es la principal diferencia entre su propuesta para la economía y la de Horacio Rodríguez Larreta?","Bullrich cree en la ampliación del crédito social para impulsar el cambio, mientras que Larreta propone un acuerdo corporativo con el sistema político actual.",1728,1728,418,3530
"Según el artículo de Perfil.com del 27 de abril de 2022, ¿qué argumento utilizó Luis Juez para criticar la propuesta del gobierno de ampliar la Corte Suprema de Justicia?","Juez argumentó que la propuesta era hipócrita e insostenible, ya que se presentaba una semana después de que el gobierno rompiera los acuerdos sobre la integración del Consejo de la Magistratura.",2722,2722,2192,3066
"Según la información del diario La Nación del 12 de junio de 2022, ¿qué posibilidades tiene el proyecto de boleta única de papel de ser aprobado en el Senado?","El proyecto enfrenta fuertes obstáculos en el Senado, donde el oficialismo busca bloquear su avance y necesita la aprobación de la Comisión de Asuntos Constitucionales, controlada por el Frente de Todos.",3967,3967,2642,2876
"Según el artículo publicado por La Nación el 19 de mayo de 2022, ¿qué porcentaje de la producción de la empresa Lasfor se destina actualmente a la exportación?","Actualmente, el 5% de la producción de Lasfor se destina a la exportación.",3018,3018,1281,3433
"Según el artículo publicado en La Nación el 9 de enero de 2022, ¿qué entidad reguladora inició un sumario administrativo contra Generación Zoe por la posible realización de oferta pública e intermediación irregular en el mercado de capitales?",La Comisión Nacional de Valores (CNV) inició un sumario administrativo contra Generación Zoe.,45,45,977,1148
"Según Hugo ""El Pollo"" Carvajal, ¿cuántos envíos de dinero ilegal se realizaron a Argentina antes del caso Antonini Wilson, y cuál fue el monto aproximado de cada envío?",Carvajal afirma que se realizaron 20 envíos previos a Argentina con un millón de dólares cada uno.,458,458,543,377
"Según el artículo del diario Perfil del 5 de junio de 2022, ¿cuál es el principal motivo por el que la empresa estadounidense MMEX Resources Corporation decidió invertir en la producción de hidrógeno verde en Tierra del Fuego?","La empresa MMEX eligió Tierra del Fuego por su combinación de recursos naturales, como los fuertes vientos y la ubicación estratégica frente al océano, junto con las ventajas fiscales que ofrece la zona franca.",3640,3640,796,1623
"De acuerdo al artículo del diario La Nación del 14 de junio de 2022, ¿cuál es el principal desafío que enfrenta la industria de la carne de cerdo en la Argentina en la actualidad?","El principal desafío es mantener el alto nivel sanitario de las granjas, extremando medidas de bioseguridad para evitar la entrada de patógenos que podrían ser devastadores.",3871,3871,1706,2098
"Según un artículo de La Nación del 27 de junio de 2022, ¿cuál es la propuesta principal del gobernador de Catamarca, Raúl Jalil, con respecto a la gestión de los planes sociales?","Jalil propone un control provincial en la gestión de los planes sociales, para lograr una transformación hacia el trabajo genuino.",4307,4307,4309,1824
"Según el diario La Nación, ¿qué cambio se implementará en la inauguración de la Exposición Rural de Palermo en 2022?",La inauguración de la Exposición Rural de Palermo en 2022 eliminará el tradicional corte de cintas y se reemplazará por un acto de apertura con un video conmemorativo y discursos del presidente de la Rural.,3427,3427,1563,3206
"Según el artículo publicado en La Nación el 21 de marzo de 2022, ¿qué tipo de evento se llevó a cabo en la Facultad de Agronomía de la UBA para destacar el trabajo de las mujeres rurales?",Se llevó a cabo una ceremonia de premiación para reconocer a 20 mujeres destacadas del sector agropecuario.,1648,1648,336,3427
"Según el artículo de La Nación del 27 de junio de 2022, ¿qué factor impulsó la expansión internacional de la agencia Bitgeyser, especializada en realidad aumentada?","La colaboración con Tetra Pak, una empresa multinacional con presencia global, fue clave para la internacionalización de Bitgeyser.",4261,4261,345,4241
"Según el sitio de búsqueda de empleo Bumeran, ¿cuáles son los 5 oficios más solicitados por las empresas en el mercado laboral argentino en junio de 2022?","Los 5 oficios más solicitados son personal de mantenimiento y limpieza, empleados de seguridad, mecánicos, choferes y técnicos electrónicos.",4132,4132,1480,1465
"Según el artículo de La Nación del 8 de junio de 2022, ¿cuál es el principal problema que enfrenta la Argentina en términos de gas natural, a pesar de tener las segundas reservas mundiales de gas no convencional?",La Argentina gasta miles de millones de dólares en importar gas licuado cuando podría ser un exportador neto de gas licuado.,3472,3472,3374,4098
"De acuerdo con un artículo publicado en Clarín el 14 de mayo de 2022, ¿por qué el Papa Francisco se opone a reunirse con la vicepresidenta Cristina Kirchner?",El Papa Francisco quiere evitar que la vicepresidenta Cristina Kirchner use una reunión con él para la interna del Frente de Todos.,3314,3314,3351,3297
"En el contexto del 46 aniversario del golpe de Estado de 1976, ¿qué acción significativa llevará a cabo la DAIA por primera vez para reconocer a las víctimas del terrorismo de Estado?","La DAIA rendirá un homenaje a las víctimas judías del terrorismo de Estado, reconociendo así su responsabilidad en la indiferencia hacia la persecución durante la dictadura.",2032,2032,1345,2052
"De acuerdo con un estudio de la consultora D'Alessio IROL - Berensztein, ¿qué porcentaje de los encuestados se identifica con el fenómeno libertario?",Casi la mitad de los encuestados se identifica de alguna manera con el fenómeno libertario.,2454,1989,2454,1859
"Según el artículo de LA NACION del 24 de marzo de 2022, ¿qué atributo de la carne Angus Argentina destaca Alejandro Salemme como un diferencial para el mercado estadounidense?","Salemme destaca que la crianza pastoril en Argentina, principalmente a pasto, le da a la carne Angus un sabor especial diferente al de la carne estadounidense, que se engorda mayoritariamente con granos.",1693,1693,3361,2098
"Según La Nación del 19 de mayo de 2022, ¿cuál fue el resultado de la elección para la octava reelección de Julio Piumato como jefe de la Unión de Empleados Judiciales de la Nación (UEJN)?","Piumato ganó la elección con casi el 85% de los votos, superando a sus oponentes Luis Bechis y Marcela Botticini.",3042,3042,2255,2226
"Según el artículo de La Nación del 18 de febrero de 2022, ¿cuál es el objetivo de exportación a corto plazo de la empresa ""Quesos Migue""?",La empresa planea exportar 30 toneladas de queso a Brasil en dos envíos durante el primer trimestre del año.,966,966,3433,3830
"En el marco de la carrera presidencial argentina, ¿qué tipo de evento político-musical organizará el diputado Javier Milei en junio con la participación del cantante El Dipy?","Milei organizará un acto en junio con el cantante El Dipy, donde habrá un show musical y una clase de economía.",3577,3577,4222,2502
"Según Clarín, ¿qué es el nuevo proyecto de Agulla y Baccetti, Black Minds, y cómo se relaciona con el mundo de los NFT y el metaverso?","Black Minds es un proyecto que lanzará 10.100 NFT de llamas, que servirán como acceso a un portal comunitario dentro del metaverso para intercambiar ideas, jugar y realizar actividades virtuales.",2829,2829,2590,1824
"Según el artículo de Clarín del 22 de marzo de 2022, ¿cuáles son los principales objetivos de la reglamentación de la Ley de Promoción de la Alimentación Saludable, también conocida como Ley de Etiquetado Frontal?","La reglamentación busca combatir factores de riesgo para la salud como la obesidad, la hipertensión y problemas cardíacos mediante la inclusión de etiquetas que adviertan sobre el exceso de azúcares, sodio, grasas saturadas, grasas totales y calorías en los productos alimenticios.",1940,1940,215,1824
"Según un artículo publicado en La Nación el 10 de enero de 2022, ¿qué tipo de problema de salud ha afectado al intendente de Rosario, Pablo Javkin?","El intendente de Rosario, Pablo Javkin, anunció que le detectaron una ""patología prostática"".",134,134,2618,4019
"Según el estudio de Equifax, ¿cuál es el salario promedio mensual de las mujeres argentinas entre 18 y 80 años?",El salario promedio mensual para las mujeres argentinas entre 18 y 80 años es de $57.096.,1129,1129,488,1107
"Según Perfil.com, ¿cuál fue la principal razón por la que Alberto Fernández intentó dejar la interna oficial en Madrid y concentrarse en la gira?","Alberto Fernández intentó dejar la interna oficial en Madrid para concentrarse en la gira y retomar la agenda internacional, particularmente en relación a la crisis alimentaria mundial provocada por la guerra en Ucrania.",3158,3158,110,3297
"Según la Fundación LED, ¿cuántos casos de censura directa o indirecta se registraron en Argentina durante el año 2021?",La Fundación LED registró 180 casos de censura directa o indirecta en Argentina durante 2021.,1886,1886,790,2052
"Según un artículo de La Nación del 13 de abril de 2022, ¿qué error se detectó en la aplicación BNA+ del Banco Nación que interrumpió temporalmente las transferencias a CVU?","Se descubrió que al ingresar ""Expropiación"" como motivo en una transferencia a un CVU desde la app, el dinero se acreditaba en la cuenta de destino sin descontarse de la cuenta de origen.",2182,2182,2830,984
"Según el diario Clarín del 24 de abril de 2022, ¿qué conexión estableció Eduardo ""Wado"" de Pedro entre el Holocausto y el terrorismo de Estado en Argentina durante su visita a Israel?","De Pedro equiparó el genocidio nazi con las acciones del terrorismo de Estado en Argentina, una comparación habitual en el discurso kirchnerista.",2910,2910,1345,1554
"Según el artículo de Clarín del 13 de marzo de 2022, ¿qué empresa española se relaciona con el argentino Luis Fernando Vuteff García en una red de lavado de dinero vinculada al chavismo?","La empresa española es Columbus One Properties, una oficina de inversión ubicada en Madrid.",1547,1547,543,458
"De acuerdo al artículo de Clarín del 5 de mayo de 2022, ¿cuáles son los principales argumentos a favor de la implementación de la Boleta Única de Papel en Argentina?","Los principales argumentos a favor son el ahorro económico, la mayor transparencia y la simplificación del proceso electoral, además de la eliminación del derroche de papel y la reducción del impacto ambiental.",2876,2876,3938,2642
"Según el artículo del diario 'La Nación' del 18 de junio de 2022, ¿cuál es el principal desafío que enfrentan las nuevas cadenas de tiendas que buscan ocupar el lugar que dejó Falabella en Argentina?",El principal desafío es ofrecer una amplia variedad de productos a pesar de las dificultades para importar debido al cepo cambiario.,3882,3882,1949,4
"Según el artículo de Perfil.com del 18 de marzo de 2022, ¿qué medidas anunció el Presidente Alberto Fernández para contener la inflación en los alimentos?","El Presidente Fernández anunció la creación de un fondo de estabilización para evitar que los precios internacionales de los alimentos impacten en el mercado interno y convocará a empresarios, sindicatos y movimientos sociales para diseñar una estrategia contra la inflación.",1467,1467,121,1431
"Tras ser condenado a 8 años de prisión por corrupción, ¿qué decisión tomó Sergio Urribarri respecto a su cargo como embajador argentino en Israel?",Urribarri presentó su renuncia al cargo de embajador en Israel.,2328,2328,2219,2466
"Según el artículo del diario La Nación del 12 de mayo de 2022, ¿de qué maneras pueden consultar los solicitantes del Refuerzo de Ingresos de la Anses si su solicitud fue aprobada o rechazada?",Los solicitantes del Refuerzo de Ingresos pueden consultar el estado de su solicitud a través del sitio web Mi Anses o mediante la aplicación Mi Anses.,2983,2983,3180,3441
"Según un artículo de Perfil del 1 de abril de 2022, ¿qué acusación realizó la Dirección Nacional de Defensa del Consumidor y Arbitraje del Consumo (DNDC) contra Pedidos Ya y Rappi?","La DNDC acusó a Pedidos Ya y Rappi por cobrar cargos no solicitados a los consumidores en concepto de ""Propina"" por la realización de pedidos a través de sus plataformas.",1914,1914,2790,2817
"Según Felipe Solá, ¿cuál es la principal crítica que le hace al ministro de Economía Martín Guzmán en relación al rumbo económico del gobierno?",Solá critica a Guzmán por su falta de pragmatismo y por analizar la economía de manera teórica sin tomar acciones concretas para mejorar la situación.,3590,3590,2354,367
"Según Elisa Carrió, ¿qué tipo de protección política recibió el fiscal Claudio Scapolan durante años?","Carrió sostiene que Scapolan gozó de una ""escandalosa protección política"".",2928,2928,1585,2324
"Según el artículo de La Nación del 25 de abril de 2022, ¿cuál es la razón por la que la policía no ingresa al predio ocupado en Los Hornos, La Plata?",La policía no ingresa al predio debido a la inseguridad y las amenazas con armas de fuego que sufren quienes se atreven a entrar.,2678,2678,2218,1322
"Según el exviceministro de Economía Emmanuel Álvarez Ágis, ¿cuál fue la principal diferencia entre el acuerdo con el FMI firmado por Mauricio Macri en 2018 y el acuerdo firmado por el gobierno actual?","La principal diferencia radica en que el acuerdo actual no exige un ajuste fiscal a cambio de la refinanciación de la deuda, algo inusual para los estándares del FMI.",519,519,1424,1002
"Según el balance de 2021 de Aerolíneas Argentinas publicado en La Nación, ¿cómo se compara la pérdida neta de la empresa con la del año 2019, teniendo en cuenta la cantidad de pasajeros transportados en cada año?","La pérdida neta de Aerolíneas Argentinas se redujo en un 34% en 2021 en comparación con 2019, a pesar de que la cantidad de pasajeros transportados disminuyó significativamente.",3880,3880,199,1116
"Según el artículo de La Nación del 30 de marzo de 2022, ¿qué tema principal se discutió en el encuentro reservado entre Máximo Kirchner y Pablo Moyano?","Máximo Kirchner y Pablo Moyano conversaron sobre la situación del país, la actualidad laboral de los trabajadores y el crecimiento del PJ Bonaerense.",1767,1767,3295,672
"De acuerdo con el artículo publicado en La Nación el 1 de junio de 2022, ¿cuál es la principal razón por la que el gobierno de Tierra del Fuego impuso un seguro de sepelio obligatorio a través de la boleta de la luz?",El gobierno de Tierra del Fuego impuso el seguro de sepelio obligatorio para cubrir los altos costos que tuvo que afrontar por los fallecimientos durante la pandemia.,3535,3535,2544,104
"En el marco de la Cumbre del G7, ¿qué tipo de encuentro tuvo el presidente argentino Alberto Fernández con el primer ministro británico Boris Johnson a 40 años de la guerra de Malvinas?","Alberto Fernández y Boris Johnson tuvieron un encuentro bilateral de 15 minutos, el primero entre ambos desde la Cumbre del G20 en 2021.",4433,4433,4327,4459
"De acuerdo a LA NACION, ¿qué actividad emprendió Juan Pablo Biondi tras su salida de la función pública en 2022?","Juan Pablo Biondi se dedicó a la consultoría, trabajando como asesor para una aseguradora y expandiendo su cartera de clientes, además de ser accionista de una distribuidora de alimentos y bebidas en Tierra del Fuego.",2257,2257,3958,1087
"De acuerdo con el artículo de Perfil del 29 de marzo de 2022, ¿qué motivo ha provocado la suspensión de la presentación del dictamen sobre la remoción de Fabián 'Pepín' Rodríguez Simón del Parlasur?","La delegación uruguaya solicitó debatir su postura sobre la expulsión de Rodríguez Simón, lo que ha provocado la suspensión de la presentación del dictamen.",1823,1823,4163,3155
"De acuerdo con el artículo de Clarín del 26 de marzo de 2022, ¿cuál es la relación política del sobrino de Carlos Menem, Martín Menem, con Javier Milei?","Martín Menem es diputado provincial en La Rioja por La Libertad Avanza, el partido liderado por Javier Milei.",2066,2066,2740,2502
"Según un informe del Instituto para el Desarrollo Social Argentino (IDESA), ¿qué período de tiempo presenta un crecimiento atípico en la cantidad de pensiones por invalidez no contributivas otorgadas en Argentina, y cuál es la explicación que se propone para este fenómeno?","El informe del IDESA señala que entre 2009 y 2014 se registró un aumento pronunciado en el número de pensiones por invalidez no contributivas, lo que se atribuye a posibles prácticas discrecionales y fraudulentas en el otorgamiento de estas prestaciones.",2787,2787,350,2981
"Según la Corte Suprema de Justicia, ¿cuánto tiempo ha pasado desde que la Cámara Nacional Electoral exhortó al Congreso a modificar la ley que impide votar a los condenados, sin que este haya tomado acción?","Han pasado más de cinco años desde que la Cámara Nacional Electoral exhortó al Congreso a modificar la ley, y aún no se ha dictado la norma.",1035,1035,2326,2049
"De acuerdo con el artículo de La Nación del 1 de julio de 2022, ¿cuál es la principal contradicción que enfrentan los jóvenes en el ámbito laboral actual?","Los jóvenes se enfrentan a la disyuntiva de elegir entre la felicidad y el trabajo, una dicotomía errónea que puede llevar al fracaso futuro.",4230,4230,1943,1480
"Según el diario La Nación, ¿qué decidió el juez Julián Ercolini respecto a los pagos que algunos empresarios reconocieron haber hecho a funcionarios del gobierno?","Ercolini decidió enviar las investigaciones a la justicia electoral, considerando que los pagos eran aportes de campaña y no coimas.",99,99,3287,3949
"De acuerdo al relevamiento inmobiliario de América Latina realizado por el Centro de Investigación en Finanzas (CIF) de la Universidad Torcuato Di Tella en conjunto con el portal Zonaprop, ¿qué ciudad ocupa el tercer lugar en términos de valor del metro cuadrado en dólares nominales?",La Ciudad de Buenos Aires ocupa el tercer lugar con un valor de 2.570 dólares/m2.,2776,2776,637,1142
"En el Día de la Memoria por la Verdad y la Justicia de 2022, ¿qué postura controversial adoptó Nélida Morales, intendenta de Villa Los Aromos, Córdoba, respecto a la dictadura militar?","Nélida Morales negó la cifra de 30 mil desaparecidos durante la última dictadura, minimizando la gravedad de los hechos y calificándolos como una 'guerra'",2014,2014,1846,437
"Según el diario La Nación, ¿cuántas propiedades en Argentina se le atribuyen a Daniel Muñoz, exsecretario de los Kirchner, en base a la información que recibió el juez Ercolini?","Se le atribuyen 113 inmuebles a Daniel Muñoz, solo en Argentina.",91,91,95,884
"Según el artículo de Clarín publicado el 08 de marzo de 2022, ¿cuál es el compromiso de la Corte Suprema de Justicia de la Nación en relación a la participación de las mujeres en el Poder Judicial?","La Corte Suprema se compromete a sumar más mujeres a la Justicia, buscando la igualdad de género en el sistema judicial argentino.",1588,1588,2192,2255
"De acuerdo con el artículo de La Nación, ¿cuál es el principal logro del 'Plan Proyecto Humanitario' en el Cementerio de Darwin en Malvinas?","El 'Plan Proyecto Humanitario' logró identificar y poner nombre a cada tumba en el cementerio de Darwin, dando paz y un lugar para llorar a las familias de los soldados argentinos caídos en la guerra.",1749,1749,1742,2331
"Según un artículo publicado por LA NACION el 2 de junio de 2022, ¿cuál es la razón principal detrás de la propuesta de la diputada Andrea Charole para establecer el Día Provincial del Heavy Metal en Chaco?","La diputada Charole propone el Día Provincial del Heavy Metal en Chaco en homenaje al fallecido cantante de heavy metal Ronnie James Dio, quien murió el 16 de mayo de 2010.",3526,3526,2052,2041
"Según un artículo de la agencia rusa Sputnik publicado en mayo de 2022 por La Nación, ¿cuál es la principal acusación contra el presidente argentino Alberto Fernández en relación a su relación con Rusia?",El artículo acusa a Alberto Fernández de ,3029,3029,858,664
"Según la información publicada por La Nación el 11 de enero de 2022, ¿cuál fue la reacción del gobierno argentino ante las vacaciones de Luana Volnovich, la jefa del PAMI, en una isla cerca de Cancún?","La portavoz del gobierno, Gabriela Cerruti, declaró que todos los funcionarios tienen derecho a tomar vacaciones y que no hubo directivas presidenciales sobre el tema.",137,137,1820,386
"De acuerdo con un artículo de La Nación del 2 de abril de 2022, ¿cómo se refleja la degradación de las Fuerzas Armadas argentinas a 40 años de la Guerra de Malvinas?","La degradación se refleja en la falta de buques y aeronaves, sistemas de armas, equipos de campaña y otros materiales, así como en el envejecimiento del equipamiento militar, con blindados y vehículos de más de 30 años de antigüedad.",1724,1724,1742,919
"De acuerdo con el artículo del diario Perfil del 5 de mayo de 2022, ¿a qué precio se cotizaba el dólar blue en ese día?",El dólar blue se cotizaba a $198 para la compra y $201 para la venta.,2770,3241,3709,2770
"Según un audio que está siendo investigado por la justicia, ¿qué ocurrió en el momento en que el camionero, Guillermo Andrés Jara, intentó atravesar el piquete en reclamo por la falta de gasoil?","Un testigo relata que cuando el camión de Jara se acercaba al piquete, le arrojaron una piedra a la cabina del lado del conductor, provocando el accidente que le costó la vida.",4264,4264,4251,3803
"Según Juan Carlos de Pablo, ¿por qué critica a Joseph Stiglitz, ganador del premio Nobel, por sus comentarios sobre la recuperación económica argentina en 2021?","De Pablo critica a Stiglitz por minimizar la caída del PBI argentino en 2020 al destacar solo la recuperación en 2021, considerándolo irresponsable por ignorar las fallas del Estado.",367,367,360,3675
"Según Juan Grabois, ¿quién tiene el poder ejecutivo en Argentina y qué rol cumplen los demás funcionarios?","Según Grabois, el poder ejecutivo en Argentina es unipersonal y reside en Alberto Fernández, mientras que los demás funcionarios son sus asesores.",2473,2473,103,3350
"Según Clarín, ¿qué decisión está a punto de tomar la Corte Suprema con respecto a los recursos presentados por Cristina Fernández de Kirchner en la causa Vialidad?","La Corte Suprema está por rechazar por unanimidad los recursos de Cristina Fernández de Kirchner en la causa Vialidad, lo que destrabaría cualquier objeción al juicio.",4216,4216,408,2192
"Según el artículo publicado en La Nación el 30 de junio de 2022, ¿cuál es el impacto principal de los altos salarios iniciales que reciben los graduados en ciertas industrias como consultoría de gestión, tecnología y finanzas?","Los salarios astronómicos de los graduados pueden exacerbar la desigualdad salarial, creando una brecha cada vez mayor entre quienes pueden acceder a estos trabajos y quienes no.",4267,4267,505,3694
"De acuerdo con el artículo publicado en La Nación el 14 de enero de 2022, ¿cómo se caracteriza el comportamiento de la oposición argentina en el contexto actual?","La oposición argentina se caracteriza por un comportamiento mixto, presentando una 'oposición clásica' que debate políticas y una 'oposición de principios' que cuestiona al gobierno y el sistema, lo que genera polarización y deshumanización en el discurso público.",103,103,1164,781
"Según el diario Clarín, ¿qué argumento esgrimió Alberto Fernández a Vladimir Putin durante su reunión en Moscú en febrero de 2022 para justificar la necesidad de que Argentina diversifique sus relaciones internacionales?","Fernández argumentó que Argentina necesita dejar de depender tanto del FMI y Estados Unidos, y que Rusia tiene un papel importante que jugar en esa diversificación.",858,858,664,466
"Según el artículo de La Nación del 8 de enero de 2022, ¿cuál es la crítica principal que se hace a la gestión estatal y cómo impacta en la sociedad?","El artículo critica que la gestión estatal, en lugar de resolver problemas como la falta de infraestructura, fomenta una economía informal que perjudica a la clase media y la empuja hacia la pobreza.",41,1824,68,4306
"De acuerdo con el artículo publicado en Perfil.com el 28 de mayo de 2022, ¿qué cargos se le imputan a Mayra Mendoza en relación a los fondos del municipio destinados a cooperativas de trabajo?","Mayra Mendoza fue imputada por los delitos de defraudación a la administración pública, incumplimiento de los deberes de funcionario público, malversación de caudales públicos, negociaciones incompatibles con el ejercicio de funciones públicas y lavado de activos.",3543,3543,2733,3093
"En su crítica a la prensa, ¿qué tipo de figura del periodismo eligió Cristina Kirchner para citar en su tuit del 18 de abril de 2022 publicado en el diario Clarín?","Cristina Kirchner citó a Matías Mowszet, un periodista que también fue candidato a intendente por un frente kirchnerista en 2019.",2477,2477,1886,2208
"Según el diario Clarín, ¿cuál es el argumento principal del gobierno argentino para defender la exploración petrolera ""offshore""?","El gobierno argentino argumenta que la exploración petrolera ""offshore"" generará ingresos por US$ 32.000 millones y que no hay riesgos de derrames, basándose en la experiencia de otros países como Brasil y Noruega.",201,201,2631,3833
"Según el artículo de Perfil.com publicado el 13 de junio de 2022, ¿cuál fue la causa de muerte del intendente de Rojas, Cristian Ford?",Cristian Ford murió a los 45 años a causa de un cáncer que estaba siendo tratado.,4019,4019,4158,1188
"Según el artículo de Clarín del 14 de febrero de 2022, ¿cuáles son las dos empresas de tecnología que están contratando personal en Argentina?",Las empresas son Intive y Globant.,837,837,1480,2389
"Según el diario Clarín del 23 de junio de 2022, ¿cuáles son las principales causas de los cortes de ruta intermitentes que se están produciendo en varias provincias argentinas?",Los cortes de ruta son provocados por la falta de gasoil y la denuncia de sobreprecios por parte de los transportistas.,4105,4105,3803,3942
"De acuerdo al artículo del diario Clarín del 1 de marzo de 2022, ¿cuál fue la explicación de Facundo Manes sobre su decisión de permanecer en la sesión de apertura del Congreso tras la salida del bloque del PRO?","Manes explicó que se quedó para escuchar el discurso del Presidente, argumentando que no puede opinar sobre algo que no escuchó,  y que si bien no coincide con muchas cosas, la falta de diálogo no ha sido la solución.",1196,1196,1205,1383
"Según el artículo de LA NACION del 29 de junio de 2022, ¿qué plataforma tecnológica cree Nicolás Kaplun, Chief Business Officer para LATAM de Globant, que podría desafiar al teléfono móvil como plataforma predilecta de la sociedad?",Nicolás Kaplun cree que el metaverso podría desafiar al teléfono móvil como plataforma predilecta de la sociedad.,4241,4241,837,304
"Según el diario Clarín del 10 de marzo de 2022, ¿qué grupo de manifestantes se identificó como responsable de los incidentes más graves durante la marcha contra el FMI?",El diario Clarín identifica al Frente de Organizaciones en Lucha (FOL) como responsable de los incidentes más severos durante la marcha.,1574,1574,1322,412
"Según un artículo de LA NACION del 29 de abril de 2022, ¿qué tipo de inversión ofrece rendimientos diarios y liquidez inmediata, y es cada vez más popular entre los argentinos, especialmente a través de billeteras digitales?","Los fondos de liquidez inmediata, también conocidos como money market, son una opción de inversión popular en Argentina que ofrece rendimientos diarios y liquidez inmediata.",2538,2538,2158,1979
"En el artículo de Project Syndicate, ¿qué tipo de recuperación económica para Argentina describió Joseph Stiglitz?","Joseph Stiglitz describió la recuperación económica de Argentina como un ""milagro argentino"".",360,360,367,3670
"Según el artículo de La Nación del 4 de mayo de 2022, ¿cuál fue el valor del euro en Argentina en relación a la jornada anterior?",El euro se mantuvo estable en relación al día anterior.,2539,2539,2837,4137
"En el 46° aniversario del golpe de Estado en Argentina, ¿cómo se manifestaron las divisiones dentro del oficialismo del Frente de Todos?","Las diferentes organizaciones políticas y sociales que integran el Frente de Todos conmemoraron el 24 de marzo con actos separados, reflejando las divisiones internas, principalmente por la política económica y el acuerdo con el FMI.",1894,1894,1756,1986
"De acuerdo con Oscar Cetrángolo, ¿cuál es la principal razón por la que la sociedad argentina no puede pagar los impuestos que está pagando?",La sociedad no puede pagar los impuestos porque los servicios que recibe a cambio son muy malos.,1226,1226,2364,632
"De acuerdo con el artículo publicado en Perfil.com el 8 de febrero de 2022, ¿por qué el ministro de Ambiente, Juan Cabandié, viajó a Barbados mientras se registraban incendios en Corrientes?","Según el artículo, el viaje de Cabandié a Barbados estaba planificado desde hacía tiempo porque la agenda del presidente en Barbados se centraba en el cambio climático.",764,764,1219,1178
"Según Florencio Randazzo, ¿cuál es la principal razón por la que tanto Cristina Kirchner como Mauricio Macri deberían retirarse de la política en las elecciones presidenciales de 2023, según un artículo publicado en La Nación el 26 de junio de 2022?",Randazzo considera que tanto Cristina Kirchner como Mauricio Macri son parte del problema en Argentina y que su retiro de la política permitiría construir un espacio diferente con miras al futuro.,4319,4319,3050,2348
"Según el artículo de Clarín publicado el 27 de marzo de 2022, ¿por qué la caída del desempleo en 2021 no se tradujo en una reducción significativa de la pobreza?","Debido a la inflación y la precarización del empleo, la recuperación del mercado laboral no logró mejorar significativamente el poder adquisitivo de los trabajadores, lo que limitó la disminución de la pobreza.",1944,1944,1626,3675
"Según el artículo publicado en Perfil el 8 de abril de 2022, ¿cuál es el objetivo principal de la Coalición Cívica con respecto a la administración de los planes sociales?","La Coalición Cívica busca controlar la asignación de los planes sociales para evitar abusos y corrupción, además de fiscalizar la gestión de los fondos y la participación de los intermediarios.",2301,2301,4309,1824
"Según un artículo de La Nación publicado el 2 de junio de 2022, ¿qué estrategia política para las elecciones presidenciales de 2023 presentó Horacio Rodríguez Larreta a empresarios del Consejo Interamericano de Comercio y Producción (CICyP)?","Horacio Rodríguez Larreta presentó un plan para construir un gobierno de coalición con el 70% del sistema político, buscando consensos amplios y evitando la confrontación con los ""extremos populistas"".",3530,3530,418,2079
"Según un artículo publicado en La Nación el 1 de julio de 2022, ¿de qué manera Sofía Suarez, hija del gobernador de Mendoza, fue víctima de una estafa?",Sofía Suárez fue víctima de una estafa por parte de una amiga que utilizó su nombre e imagen para crear una cuenta falsa y vender entradas falsas para un concierto de Harry Styles.,4337,4337,3511,3142
"Según el diario La Nación, ¿cuál es la acusación contra Javier Iguacel, exdirector de Vialidad Nacional durante el gobierno de Mauricio Macri, y qué delito se le imputa?","Iguacel fue procesado por el delito de negociaciones incompatibles con la función pública, acusado de haber favorecido a empresas con extensiones de concesiones de corredores viales sin las licitaciones obligatorias.",3949,4189,3949,1385
"Según el artículo publicado en Perfil.com el 19 de abril de 2022, ¿qué crítica le hizo Javier Milei a Elisa Carrió?",Milei acusó a Carrió de tener una 'mentalidad de casta' y de creer que las bancas les pertenecen a ellos y que hay que pedirles permiso para ocuparlas.,2329,2329,1576,2625
"Según el artículo de La Nación del 15 de enero de 2022, ¿cuál es la razón principal del creciente interés internacional en el cultivo de girasol confitero?","La creciente demanda internacional de girasol confitero se debe al cambio de tendencia en la alimentación, donde los consumidores buscan opciones saludables y versátiles.",63,63,3392,3206
"En el Foro Llao Llao de 2022, ¿qué dijo Mauricio Macri sobre su posible candidatura a presidente en 2023?","Macri no confirmó su postulación a presidente, pero tampoco la descartó, diciendo que se siente más cómodo fortaleciendo Juntos por el Cambio y trabajando en la unidad del partido.",2536,2536,2033,1813
"En mayo de 2022, ¿qué determinó la Cámara de Casación Penal sobre el juez Roberto Boico en relación a una causa que investiga a Mauricio Macri por una supuesta maniobra para sacarle el control de empresas del Grupo Indalo?",La Cámara de Casación Penal apartó al juez Boico de la causa por considerar que había prejuzgado contra Mauricio Macri durante su tiempo como abogado de Cristina Kirchner.,2883,2883,1585,3931
"En el marco de una visita a Fort Worth, Texas, para apoyar a los veteranos de guerra, ¿qué momento incómodo vivió el presidente Joe Biden durante su discurso el martes 9 de marzo de 2022, según el diario Perfil?","Al finalizar su discurso, Biden se confundió al salir del recinto y tuvo que hacer señas para encontrar la salida.",1400,1400,1222,3798
"Según un fallo judicial de mayo de 2022 publicado por Perfil.com, ¿qué se le prohibió a Matías Morla en relación a la imagen y el nombre de Diego Maradona?","La Justicia le prohibió a Matías Morla usar la imagen, voz, nombre y seudónimo de Diego Maradona.",3192,3192,113,708
"Según el diario Clarín del 4 de mayo de 2022, ¿qué factor  está obstaculizando la compra de aviones de combate por parte de Argentina, según el artículo?",La compra de aviones de combate por parte de Argentina se ve obstaculizada por el veto británico impuesto tras la guerra de Malvinas.,2891,2891,1724,4453
"Según el diputado Javier Milei, ¿cuál es la razón principal por la que se miente sobre el número de desaparecidos durante la última dictadura militar en Argentina?",Milei afirma que se miente sobre el número de desaparecidos para obtener financiamiento.,2331,2331,2014,2052
"De acuerdo al informe del Instituto de Estudios Económicos de la Bolsa de Comercio de Córdoba publicado por LA NACION el 20 de febrero de 2022, ¿a qué se atribuye la diferencia de precio entre los combustibles argentinos y los de países vecinos?","La diferencia se debe al ""atraso"" de precios en Argentina acumulado en los últimos dos años debido a las políticas económicas del gobierno nacional.",989,989,4381,306
"Según el artículo de La Nación del 12 de febrero de 2022, ¿cuál es la diferencia más notable en los costos de transporte público entre la Ciudad de Buenos Aires y el interior del país?",La principal diferencia es que el boleto del colectivo en el interior puede costar hasta cuatro veces más que en el AMBA.,701,701,4381,340
"Según un artículo publicado el 2 de abril de 2022 en La Nación, ¿en qué sanatorio la primera dama Fabiola Yañez dará a luz a su hijo con el presidente Alberto Fernández?",Fabiola Yañez dará a luz en el Sanatorio Otamendi.,1781,1781,2189,2474
"De acuerdo al artículo del diario La Nación del 13 de enero de 2022, ¿qué factores están impulsando el crecimiento del negocio de pensiones y guarderías para perros y gatos en Argentina?","El crecimiento del mercado se atribuye al aumento de la población de mascotas y al mayor gasto de los dueños en su cuidado, lo que genera una alta demanda por estos servicios.",18,18,3811,345
"Según el artículo de Perfil del 4 de abril de 2022, ¿cómo se relaciona la pareja formada por Julia Pomares y Alberto Föhrig con la interna del PRO?","Julia Pomares es asesora de Horacio Rodríguez Larreta y Alberto Föhrig es asesor de Patricia Bullrich, lo que los ubica en lados opuestos de la interna del PRO.",1892,1892,238,1728
"Según el diario Perfil, ¿qué evento sindical del PJ bonaerense encabezará Máximo Kirchner en la previa del Día del Trabajador 2022?",Máximo Kirchner encabezará un plenario de debate de la rama sindical del PJ bonaerense en Baradero el 30 de abril de 2022.,2718,2718,4299,4061
"De acuerdo con el artículo de LA NACION del 7 de abril de 2022, ¿cuál es el objetivo principal del Grupo Rotoplas al invertir en una nueva planta de producción de termotanques en Argentina?",El objetivo del Grupo Rotoplas es consolidar su negocio local en Argentina y convertir al país en un polo exportador de termotanques para la región.,2167,2167,1623,807
"Según un estudio de McKinsey Global Institute y McKinsey's People & Organizational Performance, ¿qué porcentaje de las ganancias de nuestra vida profesional se deben a habilidades adquiridas a través de diferentes experiencias laborales?",El 46% de las ganancias de nuestra vida profesional se deben a habilidades adquiridas a través de diferentes experiencias laborales.,3869,3869,4387,1480
"Según Andrés ""Cuervo"" Larroque, ¿qué implica no escuchar a Cristina Kirchner en el Frente de Todos, según un artículo publicado en Perfil.com el 21 de junio de 2022?","Larroque considera que no escuchar a Cristina Kirchner sería ""suicida"" para el Frente de Todos.",4041,4041,1807,2646
"Según Gabriela Cerruti, ¿por qué la participación de Juntos por el Cambio en el Tractorazo no contribuye a la convivencia democrática?",Cerruti argumenta que el apoyo de Juntos por el Cambio al Tractorazo defiende a un puñado de empresas y no contribuye a la convivencia democrática.,2705,2705,2604,1322
"Según el artículo de LA NACION del 31 de enero de 2022, ¿cuál es la fecha en que se espera que Alberto Fernández declare en el juicio contra Cristina Kirchner por la causa de Vialidad Nacional?",Alberto Fernández declaró en el juicio contra Cristina Kirchner por la causa de Vialidad Nacional el martes 15 de febrero de 2022.,408,408,4061,4216
"Según una denuncia del empresario Fabián De Sousa, ¿qué medida adoptó el ex titular de la AFIP Leandro Cuccioli contra el Grupo Indalo durante la gestión de Macri?","Leandro Cuccioli, ex titular de la AFIP, implementó medidas que, según De Sousa, perseguían y hostigaban al Grupo Indalo, incluyendo cambios en la categorización impositiva de sus empresas.",1585,1585,3931,2883
"Según el diario La Nación, ¿qué motivó al gobernador de La Rioja, Ricardo Quintela, a crear una nueva empresa aérea estatal llamada Alas La Rioja?","El gobernador Quintela justificó la creación de Alas La Rioja alegando una alta demanda y una oferta limitada de vuelos, lo que dificultaba el acceso a servicios aéreos para los riojanos, turistas y empresarios.",679,679,217,4331
"De acuerdo con el artículo publicado en La Nación el 1 de marzo de 2022, ¿cuál es el principal beneficio que ofrece la prueba genómica para la ganadería?","La prueba genómica permite a los ganaderos identificar el potencial productivo de los animales a temprana edad, optimizando la selección y mejorando la rentabilidad del rodeo.",942,942,2098,3361
"Según el artículo del diario La Nación del 15 de marzo de 2022, ¿cuál es la señal más común que indica que una persona tiene problemas con sus gastos?",La señal más común es que la persona no sabe en qué se le va el dinero.,1269,1269,1659,3995
"Según el exministro de Defensa Horacio Jaunarena, ¿cómo se relaciona la rendición de los militares carapintadas en Semana Santa de 1987 con la democracia en Argentina?",Jaunarena considera que la rendición de los carapintadas fue fundamental para garantizar la democracia en Argentina y evitar un nuevo golpe de Estado.,2194,2194,1865,1742
"Según el intendente de Tigre, Julio Zamora, ¿cuál es la razón principal del cambio en la composición política de Tigre y qué implica esto para el futuro del municipio?","Zamora señala que el crecimiento poblacional de Tigre, impulsado por obras de infraestructura, turismo y la migración desde la Ciudad de Buenos Aires, ha transformado la composición política del municipio, creando una mayor competitividad electoral y una mayor necesidad de gestión eficiente para atender las necesidades de los vecinos.",1853,1853,3599,437
"En el poema ""Antonio Chimango"", ¿qué personaje representa al líder político Antonio Borges de Medeiros, quien gobernó Río Grande del Sur entre 1898 y 1928?","Antonio Chimango representa a Antonio Borges de Medeiros, el líder político que gobernó Río Grande del Sur entre 1898 y 1928.",2151,2151,3170,4278
"Según un artículo de Clarín del 20 de abril de 2022, ¿qué estrategia implementó Cristina Kirchner en el Senado argentino para obtener más lugares en el Consejo de la Magistratura?","Cristina Kirchner redibujó la distribución de bancas en el Senado, creando nuevos bloques y obteniendo más lugares en el Consejo de la Magistratura.",2430,2226,2430,2192
"A pesar de un récord en exportaciones agrícolas en Argentina en 2022, ¿por qué las reservas del Banco Central se mantuvieron bajas según el artículo del diario Perfil?","Las reservas del Banco Central se mantuvieron bajas debido a la alta demanda de divisas por importaciones, compras de energía, reapertura del turismo internacional y movimientos de capitales, lo que dificultó la acumulación de reservas.",4098,4098,3418,4306
"Según el diario Clarín del 19 de junio de 2022, ¿qué dijo Alberto Fernández sobre el triunfo de Gustavo Petro en las elecciones presidenciales de Colombia?","Alberto Fernández celebró el triunfo de Gustavo Petro en las elecciones de Colombia, considerándolo como una victoria para la democracia y un paso hacia una América Latina más integrada.",4156,4156,1189,2259
"En el artículo de La Nación del 15 de junio de 2022, ¿qué motivó la gran cantidad de gente que acudió a la feria de Alpargatas en La Plata?","Los bajos precios de las prendas y zapatos que se ofrecían en la feria, especialmente para los productos de marcas populares como Flecha y Pampero.",3888,3888,1131,3942
"Según el artículo del diario La Nación del 29 de marzo de 2022, ¿cuál fue la cotización del dólar blue en Argentina ese día?","El dólar blue cotizó a $196,00 para la compra y $200,00 para la venta.",1698,523,1698,4143
"Según Emmanuel Álvarez Agis, ¿cuál fue la consecuencia principal de la renuncia de Matías Kulfas al Ministerio de Desarrollo Productivo, según el artículo publicado por Perfil el 7 de junio de 2022?",Álvarez Agis considera que la salida de Kulfas deja al gobierno sin figuras con capacidad para gestionar con convicción.,3600,3600,519,4055
"Según Alfonso Mingo Jozami, gerente general del Centro de Navegación, ¿qué se necesita para que la Hidrovía sea más eficiente y beneficiosa para todos los sectores?",Jozami sostiene que se necesitan más obras en la Hidrovía y una tarifa más baja para lograr una ecuación win win para todos los sectores.,2938,2938,1559,1238
"Según el diario Perfil del 26 de abril de 2022, ¿cuál fue la decisión del juez Martín Cormick respecto al planteo de Germán Martínez para frenar la designación de Roxana Reyes en el Consejo de la Magistratura?","El juez Cormick rechazó la medida cautelar presentada por Martínez, pero le solicitó a Sergio Massa que presente un informe con detalles sobre la designación de Reyes en un plazo de tres días.",2693,2880,2693,2255
"Según un análisis de la consultora EconViews, ¿cómo se comportó el gasto total del Estado nacional en el rubro previsional en 2021, en términos reales, en comparación con años anteriores?","En 2021, el gasto total del Estado en el rubro previsional cayó un 5,3% en términos reales, siendo la menor proporción del PBI desde 2015.",350,350,182,984
"Según el artículo de Perfil, ¿cómo define Mauricio Macri su rol político actual en relación al 2023 y qué postura adopta sobre la posibilidad de volver a ser presidente?","Macri se considera un padrino de candidatos, disfrutando del reconocimiento a su liderazgo, pero también ve una oportunidad para volver a ser presidente si la crisis se profundiza.",779,1813,2033,3903
"Según el diario Perfil, ¿quién es el empresario vinculado al gobierno de Mauricio Macri que está bajo investigación por haber encargado la impresión de los afiches contra Cristina Kirchner?","Valentín Bueno, titular de la agencia de comunicación Latcom LatinAmerica Comunication, es el empresario bajo investigación.",1851,1851,2497,1754
"Según el diario La Nación, ¿por qué el jefe de la Policía de Mendoza, Roberto Munives, fue despedido de su cargo en enero de 2022?","Munives fue despedido porque su pareja escaló el Aconcagua sin el pase sanitario correspondiente, lo que implicaba una violación a las normas provinciales y un acto de falsedad ideológica al haber presentado un certificado de vacunación falso.",421,421,2310,2721
"Según Luis Lacalle Pou, ¿qué postura adopta Uruguay en relación con el Mercosur en cuanto a la apertura comercial con el mundo?","Uruguay busca abrirse al mundo a través de acuerdos de libre comercio, incluso si eso significa hacerlo sin el acompañamiento de Argentina y Brasil dentro del Mercosur.",3041,3041,2922,4008
"De acuerdo con Javier Arriola, CEO del grupo Piero, ¿por qué el mercado de colchones en Argentina es tan dependiente de los descuentos súper agresivos?","Según Arriola, el mercado ha entrado en una dinámica donde los consumidores esperan descuentos, lo que hace difícil que las empresas se salgan de esta práctica.",2100,2100,3695,1461
"Según el artículo de La Nación del 12 de mayo de 2022, ¿cuál fue la razón por la que la jueza María Eugenia Maiztegui se pidió licencia?",La jueza María Eugenia Maiztegui se pidió licencia por estrés.,3081,3159,3081,782
"Según el artículo de La Nación del 4 de mayo de 2022, ¿qué impacto ha tenido la reducción de tasas municipales implementada por el intendente Mauricio ""Palito"" Davico en el presupuesto de Pueblo General Belgrano?","La reducción de tasas ha generado un aumento significativo en la proporción de ingresos propios del municipio, que pasó del 8% al 38% del presupuesto total.",2526,2526,1166,813
"Según el diario La Nación del 28 de marzo de 2022, ¿cuál es la principal razón por la que se han producido problemas de abastecimiento de tarjetas SUBE en el área metropolitana de Buenos Aires?","La escasez de componentes electrónicos, principalmente chips, ha generado problemas en la fabricación de tarjetas SUBE.",1649,1649,49,3803
"De acuerdo con el artículo de La Nación del 9 de junio de 2022, ¿cuál es la clave para el éxito del negocio exportador según Alberto Arizu, CEO de la bodega Luigi Bosca?",La clave para el éxito del negocio exportador es construir confianza y relaciones a largo plazo.,3891,3891,966,3018
"De acuerdo con el artículo de Clarín del 2 de junio de 2022, ¿qué medidas específicas propuso Alfredo Cornejo para reducir el tamaño del Estado argentino y reformar el mercado laboral?","Cornejo propuso eliminar ministerios, reducir el tamaño del Estado y modificar las relaciones laborales mediante una reforma de la Ley de Contrato de Trabajo.",3741,3741,3264,3903
"De acuerdo con el artículo del diario La Nación del 6 de diciembre de 2022, ¿qué implicaciones tiene la condena a Cristina Kirchner en relación a las elecciones de 2023?","La condena a Cristina Kirchner podría tener un impacto significativo en las elecciones de 2023, ya que podría influir en el escenario político y la percepción pública sobre las diferentes fuerzas políticas.",3906,3906,3050,2348
"Según Graciela Fernández Meijide, ¿cómo utiliza el kirchnerismo la memoria de la dictadura en Argentina?","Fernández Meijide considera que el kirchnerismo hace un uso 'brutal' de la memoria de la dictadura, insinuando una instrumentalización política del tema.",1846,1846,1986,1865
"Según el artículo publicado por La Nación el 14 de enero de 2022, ¿cuál es la propuesta de Enrique Lew para mejorar la situación económica de Argentina?",Enrique Lew propone la creación de más puestos de trabajo para combatir la pobreza y generar riqueza en el país.,33,33,3178,4306
"Según el diario Clarín, ¿cuánto aumentó el costo de la Verificación Técnica Vehicular (VTV) en la provincia de Buenos Aires en enero de 2022?",El costo de la VTV en la provincia de Buenos Aires aumentó un 42% en enero de 2022.,561,561,2777,194
"Según el diario La Nación, ¿quién es el presidente de la empresa estatal encargada de la obra pública más importante del Gobierno en junio de 2022?","Agustín Gerez, presidente de Enarsa, es el responsable de la construcción del gasoducto Néstor Kirchner.",3420,3420,3822,346
"Según el artículo de La Nación del 5 de abril de 2022, ¿qué factores hacen que Argentina sea un país prometedor para el desarrollo de la industria foodtech?","Argentina tiene un gran potencial para el desarrollo de la industria foodtech debido a la disponibilidad de recursos naturales, un ecosistema emprendedor dinámico, una agroindustria establecida, la presencia de capital de riesgo y una demanda creciente por alimentos innovadores y sostenibles.",1652,1652,3670,336
"Según el artículo de La Nación del 3 de enero de 2022, ¿cómo se desarrolló la expansión de las inversiones de Daniel Muñoz, exsecretario de los Kirchner, desde su inicio hasta llegar a Turcas y Caicos?","Muñoz comenzó sus inversiones en Santa Cruz con propiedades modestas, luego las expandió a Miami y finalmente llegó a Turcas y Caicos, utilizando un entramado de sociedades anónimas e inmobiliarias.",95,95,91,884
"Según el artículo publicado en Perfil.com el 9 de abril de 2022, ¿qué propuesta le hizo el gobernador de Jujuy, Gerardo Morales, a Elon Musk en relación al litio?",Gerardo Morales invitó a Elon Musk a explorar las reservas de litio de Jujuy y le propuso que la próxima Gigafactory de Tesla se construya en la provincia.,2337,2337,2771,3664
"Según el diario Clarín, ¿qué información fue revelada sobre la tripulación del avión venezolano-iraní que aterrizó en Ezeiza en junio de 2022?",La tripulación estaba compuesta por nueve venezolanos y siete iraníes.,4176,4194,4176,4453
"Según el artículo de La Nación del 23 de junio de 2022, ¿qué iniciativa está tomando Andreani para contribuir a la sustentabilidad en el sector logístico?",Andreani está trabajando en la incorporación de vehículos eléctricos como parte de su plan Visión 2030 para reducir la huella de carbono.,3861,3861,4256,3811
"En el contexto del artículo de Perfil del 18 de marzo de 2022, ¿por qué Santiago Cafiero justificó su pronunciación en inglés durante su discurso en la Expo Dubai 2022?",Cafiero justificó su pronunciación en inglés argumentando que no había traducción simultánea disponible y que su objetivo era mostrar humildad y ser parte de la misión diplomática argentina.,1454,1597,1454,1396
"Según Marcos Galperín en una entrevista con el Financial Times, ¿cuál es la principal razón por la que muchos empresarios argentinos abandonan el país?",Galperín afirma que los empresarios están cansados de los cambios constantes en las reglas y la alta regulación en Argentina.,2922,2922,2364,1064
"Según el artículo de La Nación del 19 de mayo de 2022, ¿qué crítica le formuló José Ignacio de Mendiguren a Hernán Lacunza, exministro de Hacienda de Mauricio Macri, con respecto a la gestión económica de Cambiemos?","De Mendiguren cuestionó la capacidad de Lacunza para dar consejos económicos, alegando que su gestión dejó una inflación del 54%, un gobierno en default y una balanza comercial negativa.",3091,3091,360,1807
"Según una entrevista de La Nación del 19 de junio de 2022, ¿qué tres líderes históricos mencionó Javier Milei como figuras con las que se identifica?","Javier Milei mencionó a Winston Churchill, Ronald Reagan y Margaret Thatcher como figuras con las que se identifica.",3951,3951,1377,4030
"Según el artículo de Clarín del 20 de enero de 2022, ¿qué porcentaje de su vida han vivido en recesión los argentinos de 20 años?",Los argentinos de 20 años han vivido el 40% de su vida en recesión.,487,487,3995,3647
"Según La Nación, ¿por qué la Agencia de Seguridad Vial de Santa Fe suspendió la licencia de conducir de Emilio Rosatti, hijo del presidente de la Corte Suprema, en enero de 2022?",La Agencia de Seguridad Vial de Santa Fe suspendió la licencia de conducir de Emilio Rosatti por dar positivo en un test de alcoholemia y por ser un infractor reiterativo con antecedentes por faltas graves.,419,419,110,4216
"Según el fiscal de Estado de Entre Ríos, Julio Rodríguez Signes, ¿cómo funcionaron los mecanismos institucionales en el proceso de destitución de la fiscal Cecilia Goyeneche?","Según Rodríguez Signes, los mecanismos institucionales de la provincia de Entre Ríos funcionaron correctamente durante el proceso de destitución de la fiscal Goyeneche.",3592,3592,3546,3131
"Según Juan José Tufaro, referente porteño del Frente Renovador, ¿cuál es la principal necesidad para la Ciudad de Buenos Aires en términos de movilidad?","Tufaro sostiene que la Ciudad necesita una nueva agenda que priorice la sustentabilidad y la movilidad eléctrica, con el objetivo de mejorar el medio ambiente y el tránsito.",3992,3992,1166,3289
"Según el artículo de Perfil del 9 de mayo de 2022, ¿quién convenció a Carolina Losada, una reconocida periodista, a incursionar en la política y cómo?","Georgina Losada, hermana de Carolina, la convenció de dar el salto a la política al convencerla de que la política provincial estaba 'muy planchada' y que un candidato nuevo podía tener éxito.",3174,3174,1167,170
"Según el artículo publicado en La Nación el 15 de febrero de 2022, ¿qué argumentos esgrimió Sergio ""Kun"" Agüero en su crítica al impuesto al patrimonio?","Agüero argumentó que el impuesto al patrimonio genera una doble imposición, ya que se paga sobre la riqueza acumulada a pesar de ya haber pagado impuestos sobre los ingresos que la generaron.",645,645,3673,3698
"Según el artículo del diario Clarín del 04 de junio de 2022, ¿cuál fue la cotización del dólar blue para la compra y la venta ese día?",El dólar blue se cotizó a $202.00 para la compra y $205.00 para la venta el 04 de junio de 2022.,3702,3702,4151,3693
"De acuerdo con el diputado Javier Milei, ¿por qué la venta de órganos debería ser legal en Argentina?","Javier Milei argumenta que la venta de órganos debería ser legal porque cada individuo tiene derecho a disponer de su propio cuerpo, incluso si esto implica vender órganos.",3586,3586,3453,4292
"Según el artículo publicado en Clarín el 23 de febrero de 2022, ¿qué argumento utilizaron los senadores de Corrientes, Eduardo Vischi y Mercedes Valenzuela, para cuestionar la respuesta del ministro de Ambiente, Juan Cabandié, ante los incendios en la provincia?","Los senadores de Corrientes, Eduardo Vischi y Mercedes Valenzuela, criticaron la tardía respuesta de Juan Cabandié a los incendios en la provincia, argumentando que la intervención del Ministerio de Ambiente llegó después de que la situación se hiciera pública a través de los medios nacionales.",1178,1178,1219,764
"Según el artículo del diario Perfil del 27 de enero de 2022, ¿cuál fue el punto de fricción principal que desencadenó el intercambio de acusaciones entre Myriam Bregman y Ramiro Marra?","El punto de fricción principal fue la referencia de Bregman a  'nuevas acciones' para que la crisis la paguen quienes la generaron, lo que llevó a Marra a pedirle que no cortaran la calle ya que él tenía que ir a trabajar.",454,454,1600,122
"Según el artículo publicado en Clarín el 18 de marzo de 2022, ¿a quién vendió Suramericana su línea de negocio de caución, ACG, y con qué objetivo estratégico?","Suramericana vendió ACG a un grupo empresarial argentino formado por Marcelo Figueiras, José Urtubey y Alberto Daniel Serventich, con el objetivo estratégico de especializarse en líneas de seguros generales y de vida.",1505,1505,3830,3398
"Según Clarín, ¿a qué precio se cotizaba el dólar blue para la venta el sábado 21 de mayo de 2022?","El sábado 21 de mayo de 2022, el dólar blue se cotizaba a $204.00 para la venta.",3241,3241,3709,3702
"Según el artículo de Clarín del 28 de junio de 2022, ¿qué medidas tomó Javier Milei para alimentar a sus perros mastines ingleses cuando enfrentó dificultades económicas?","Javier Milei dejó de comer para poder alimentar a sus perros, llegando a consumir solo una pizza por día.",4432,4432,4252,4292
"De acuerdo con un artículo publicado en Perfil.com el 4 de abril de 2022, ¿qué acusación hizo Eduardo Belliboni a Luis D'Elía en el contexto del acampe piquetero en la Avenida 9 de Julio?",Belliboni acusó a D'Elía de ser un 'excelente alumno del Fondo Monetario Internacional' por su apoyo al gobierno y su crítica al acampe piquetero.,1838,1838,3137,4211
"Según un artículo de La Nación del 19 de abril de 2022, ¿cómo se busca mejorar la eficiencia de conversión en la ganadería Angus?","La Asociación Argentina de Angus está trabajando en dos nuevos DEPs, basados en la medición del Consumo Individual de Materia Seca (CMS) y el Consumo Residual (RFI), para seleccionar animales que consuman menos y obtengan igual ganancia.",2098,2098,1693,3871
"Según el artículo de La Nación del 17 de abril de 2022, ¿qué compró Cristina Kirchner en su visita a la tienda La Juana en Río Gallegos?",Cristina Kirchner compró ropa en la tienda La Juana.,2224,2224,1869,384
"Según el diario Perfil, ¿cómo reaccionó la gente en redes sociales ante la participación de Mauricio Macri en el Mundial de Bridge en Italia?","La participación de Mauricio Macri en el Mundial de Bridge en Italia generó una ola de memes y comentarios irónicos en redes sociales, contrastando su participación lúdica con la situación del país.",1855,1855,2033,4008
"En el artículo de La Nación del 11 de abril de 2022, ¿qué hizo Manuel Passaglia, intendente de San Nicolás, para contrarrestar la interrupción del servicio de recolección de residuos por parte del sindicato de camioneros liderado por Hugo Moyano?",Manuel Passaglia amenazó con municipalizar la recolección de residuos si el paro no finalizaba.,2237,2201,2237,2495
"De acuerdo a una encuesta realizada por la consultora CB, ¿cuáles son los tres intendentes del conurbano bonaerense que tienen la peor imagen según los habitantes del conurbano?","Los tres intendentes con peor imagen son Mayra Mendoza (Quilmes), Fernando Espinoza (La Matanza) y Mario Ishii (José C. Paz), todos pertenecientes al Frente de Todos.",2250,2250,2310,3580
"Según el diario La Nación, ¿qué medida tomó el ministro de Seguridad de la provincia de Buenos Aires, Sergio Berni, en respuesta al bloqueo de la autopista Buenos Aires-La Plata por parte de transportistas el 22 de junio de 2022?","Sergio Berni se trasladó al lugar del bloqueo en helicóptero y les ordenó a los manifestantes que levantaran el bloqueo, amenazando con detener sus vehículos si no lo hacían.",3803,3803,4251,3810
"En su mensaje por el 25 de Mayo de 2022, ¿cómo describió Cristina Kirchner la situación actual en Argentina?","Cristina Kirchner describió la situación actual en Argentina como ""difícil"" para el pueblo.",3536,3536,1055,2202
"Según el artículo de Perfil.com del 23 de mayo de 2022, ¿cuáles son los requisitos para que los familiares de víctimas del COVID-19 puedan acceder al bono de $75.000 otorgado por ANSES?",El requisito principal es que el fallecido haya desempeñado trabajos esenciales entre el 1° de marzo y el 30 de septiembre de 2020.,3195,3195,2825,2983
"En el contexto del 40° aniversario de la Guerra de Malvinas, ¿cuál fue la frase de Javier Milei que generó polémica y por qué?","Milei declaró que se sentía identificado con Margaret Thatcher, una figura controvertida en Argentina por su papel en la Guerra de Malvinas.",4168,2331,4030,4168
"De acuerdo con el artículo publicado en Clarín el 26 de junio de 2022, ¿cuántas alertas recibió el gobierno argentino antes de que el avión venezolano-iraní aterrizara en Argentina?",El gobierno argentino recibió dos alertas sobre el avión venezolano-iraní antes de su aterrizaje.,4453,4453,3900,4176
"Según el diario La Nación, ¿qué cambio significativo se produjo en la Federación Nacional de Trabajadores Camioneros a finales del 2021 que afectó la posición de Pablo Moyano dentro del gremio?","Pablo Moyano fue relegado del cargo de secretario adjunto de la Federación, siendo reemplazado por Jorge Omar Taboada.",100,100,1767,3295
"Según el artículo de Perfil.com del 7 de febrero de 2022, ¿en qué porcentaje se ampliará la capacidad de generación renovable actual de San Juan cuando el parque solar de YPF Luz complete todas sus etapas?",El proyecto ampliará la capacidad de generación renovable actual en San Juan en un 25%.,805,805,796,2394
