Pregunta,Respuesta,id,top_1_id,top_2_id,top_3_id,Respuesta modelo
"En marzo de 2022, ¿cuál fue el porcentaje de aumento en el precio de la nafta premium en Argentina?","El precio de la nafta premium en Argentina subió un 11,5% en marzo de 2022.",1489,1489,3238,3248,"En marzo de 2022, el precio de la nafta premium en Argentina aumentó un 11,5%."
"A pesar de que Cristina Kirchner no estaba de acuerdo con la decisión, ¿cuál fue la razón principal que llevó a Máximo Kirchner a renunciar a la jefatura del bloque del Frente de Todos?",Máximo Kirchner renunció porque consideraba que esta decisión facilitaría el trabajo de Alberto Fernández y le permitía expresar su desacuerdo con el entendimiento con el FMI.,545,446,545,414,La razón principal fue la falta de acuerdo con la estrategia utilizada y los resultados obtenidos en la negociación con el Fondo Monetario Internacional (FMI).
"De los presidentes y ministros argentinos mencionados en el artículo, ¿quiénes han tenido dificultades para hablar inglés, y cuáles fueron algunas de las situaciones en las que se evidenció dicha dificultad?","Los presidentes y ministros argentinos que han tenido dificultades para hablar inglés son Carlos Menem, Domingo Cavallo, Cristina Kirchner y Mauricio Macri. Algunos ejemplos son el saludo en inglés de Menem a George Bush padre, el discurso de Cavallo en Washington, la frase 'Sorry, repeat, me había sacado el auricular' de Cristina Kirchner en Alemania y las entrevistas en inglés de Macri en el Foro Económico de Davos.",1396,1396,1392,1597,"De los presidentes y ministros mencionados, Santiago Cafiero y Cristina Kirchner han tenido dificultades para hablar inglés."
"En el caso de la toma de tierras en el exClub Planeadores de La Plata, ¿por qué el juez Ramos Padilla archivó la causa y qué argumentos utilizó para justificar su decisión?","El juez archivó la causa por considerar que la ocupación no constituía delito, argumentando que la toma se realizó a plena luz del día y sin que se adoptaran medidas para impedirla.",2218,2218,2342,2446,"El juez Alejo Ramos Padilla archivó la causa debido a que la ocupación se realizó ""a plena luz del día"" y la delimitación informal de lotes con sogas, palos y alambres también ocurrió a la vista de todos."
"En el contexto de las muertes por consumo de cocaína adulterada, ¿qué tipo de intervención estatal propone Facundo Manes para evitar tragedias futuras?","Manes propone una regulación estatal de la cocaína a través de políticas de prevención y control de daños, con el objetivo de minimizar las consecuencias negativas del consumo.",746,746,660,890,"El diputado nacional de Juntos por el Cambio, Facundo Manes, propone una intervención estatal ""regulación"" para evitar tragedias futuras."
"Tras el discurso del juez Juan Ramos Padilla en una marcha contra la Corte Suprema, ¿qué postura tomó la agrupación de abogados 'Abogados Solidarios' con respecto a las declaraciones del juez?","La agrupación 'Abogados Solidarios' se desvinculó de las declaraciones del juez Ramos Padilla,  afirmando que sus expresiones no fueron autorizadas por la entidad ni representan el pensamiento de sus miembros.",882,882,684,404,"La agrupación de abogados ""Abogados Solidarios"" expresó que las declaraciones del juez Juan Ramos Padilla no representan el pensamiento de sus miembros."
"En enero de 2022, ¿cuál fue la tasa de crecimiento anual de las transacciones con dinero electrónico en Argentina?","En enero de 2022, las transacciones con dinero electrónico en Argentina crecieron un 27.9% en comparación con el mismo mes del año anterior.",1916,1916,1504,1227,"El teto anual de crecimiento de las transacciones con dinero electrónico en Argentina fue del 3,6%."
"En el Club de Campo Abril, ¿cuál es la razón por la que los residentes se oponen a la mudanza de la familia Moyano?",Los residentes se oponen a la mudanza de la familia Moyano porque no desean su presencia en el club.,907,699,907,1083,Los residentes se oponen a la mudanza de la familia Moyano debido a su raza y peronismo.
"Según el artículo, ¿cuál es la principal amenaza económica que se presenta en el horizonte actual y por qué?","La estanflación es la principal amenaza económica actual debido a la combinación de inflación alta y estancamiento económico, lo que genera un escenario complejo de manejar.",4393,4393,2810,35,La principal amenaza económica que se presenta en el horizonte actual es la estanflación.
"Según Eduardo Bolsonaro, ¿qué similitudes existen entre la situación política que enfrentó su padre, Jair Bolsonaro, y la que vive Javier Milei en Argentina?","Eduardo Bolsonaro considera que tanto su padre como Milei son víctimas de ataques por parte de la izquierda y que la prensa los ha tratado de manera negativa, comparando sus situaciones como similares.",2740,2740,4209,4005,"La situación política que enfrentó su padre, Jair Bolsonaro, y la que vive Javier Milei en Argentina son similares, ya que ambos han sido objeto de críticas y acusaciones por parte de la izquierda y otros grupos políticos."
"En el contexto de la celebración del Día del Trabajador en 2022, ¿qué objetivo tenían las organizaciones sociales oficialistas al organizar una manifestación en la ciudad de Buenos Aires?",Las organizaciones sociales oficialistas buscaban respaldar el impuesto a la renta inesperada y presionar al gobierno para que impulsara su agenda vinculada a la economía popular.,2431,2431,2757,3116,"Las organizaciones sociales oficialistas al organizar una manifestación en la ciudad de Buenos Aires, tenían como objetivo principal, presionar al gobierno para que se comprometiera a implementar la agenda de la economía popular."
"En qué consiste la nueva visa para ""nómades digitales"" implementada por Argentina en mayo de 2022?","La visa permite a extranjeros que trabajan de forma remota residir en Argentina por un período de 6 meses, prorrogable a un año, con el objetivo de atraer inversión extranjera y generar empleo.",3656,3656,1240,1627,"La nueva visa para ""nómades digitales"" implementada por Argentina en mayo de 2022 consiste en un permiso para trabajar remoto que otorga a extranjeros que realizan teletrabajo y desean emplearse en forma remota en el país."
"En abril de 2022, ¿qué medidas tomó el Banco Provincia ante denuncias de débitos no autorizados en cuentas de sus clientes?","El Banco Provincia negó que se tratara de un hackeo y aseguró que sus sistemas de seguridad no fueron violentados, ofreciendo asistencia a los clientes a través de sus canales de comunicación y brindando recomendaciones de seguridad.",1908,1908,1905,2361,"El Banco Provincia tomó medidas para investigar y resolver las denuncias de débitos no autorizados en cuentas de sus clientes, asegurándose de que los sistemas de seguridad no fueran violados."
"En el contexto de la creciente inflación en Argentina, ¿cuál fue la propuesta de un grupo de legisladores de la oposición para abordar el problema de la pérdida de valor del peso?","La propuesta consistió en eliminar dos ceros al peso argentino, con el objetivo de simplificar las transacciones y contrarrestar la inflación.",3570,3570,2524,1622,El grupo de legisladores de la oposición propuso un proyecto de ley para quitarle dos ceros al peso argentino.
Cómo lograron los hermanos Kraayenbrink transformar una inversión inicial de US$500 en un negocio que factura US$200.000 al año en ventas internacionales?,"Los hermanos Kraayenbrink se enfocaron en la venta de mates a mercados internacionales, aprovechando la creciente demanda por productos argentinos tradicionales.",325,325,3885,998,"Los hermanos Kraayenbrink comenzaron a vender mates a través de la página web, lo que les permitió generar ingresos y expandir su negocio."
"Según Patricia Bullrich, ¿cuál es el principal motivo para que Juntos por el Cambio busque un cambio en la gobernación de Córdoba?",Patricia Bullrich considera que 20 años de gobierno peronista en Córdoba son suficientes y que la provincia necesita un cambio para aprovechar su potencial.,847,847,667,238,El principal motivo para que Juntos por el Cambio busque un cambio en la gobernación de Córdoba es que más de 20 años del mismo gobierno es mucho tiempo.
"De acuerdo con una entrevista de septiembre de 2021, ¿qué opina Javier Milei sobre la comida?",Javier Milei considera la comida como una función fisiológica para alimentar el cuerpo y no le genera ningún tipo de placer o interés.,4292,4292,4252,4432,La comida es una cuestión meramente fisiológica.
"En el proceso de licitación para el dragado de la Hidrovía, ¿cuál fue el motivo por el que Emepa pagó una tasa de US$800.000?",Emepa pagó la tasa para que la Administración General de Puertos (AGP) revisara su propio dictamen que descalificó a la empresa en la licitación corta.,1238,1238,1499,836,Emepa pagó la tasa de US$800.000 para que la Administración General de Puertos revisara su dictamen sobre la licitación corta para el dragado de la Hidrovía.
"Según el ministro del Interior, Eduardo ""Wado"" de Pedro, ¿cuál es la principal razón por la que es importante la presencia del gobierno en Expoagro?","De Pedro argumenta que la presencia del gobierno en Expoagro es fundamental para generar una sinergia entre la industria, el campo y la innovación tecnológica, con el objetivo de crear empleo y sacar a la mitad de la población argentina de la pobreza.",1563,1563,2910,1372,La principal razón por la que es importante la presencia del gobierno en Expoagro es generar la sinergia entre el sector agroindustrial y el Estado para sacar al 50% de los argentinos y las argentinas de la pobreza.
"En la casa ""La Islerita"", ¿cuál es la razón principal para ubicar los espacios sociales en los pisos superiores?",Los arquitectos decidieron ubicar los espacios sociales en los pisos superiores para aprovechar las mejores vistas del entorno y disfrutar del paisaje.,1743,1743,988,779,Ubicar los espacios sociales en los pisos superiores es para que los chicos puedan notar que hay que subir bolsas.
"Debido a la escasez de gasoil en Argentina, ¿cuántas toneladas de limones se estima que se perderán en la provincia de Corrientes durante la campaña de cosecha 2022?",Se estima que se perderán 25.000 toneladas de limones en Corrientes durante la campaña de cosecha de 2022.,3814,3814,1650,925,Se estima que se perderán 25.000 toneladas de limones en la provincia de Corrientes durante la campaña de cosecha 2022.
"Según la carta de renuncia de Sabrina Sansone, ¿cuál fue la principal razón que la llevó a abandonar su cargo como Secretaria de Cultura de Salta?",Sansone renunció debido a la percepción de que el erario público se malgasta y se hurta dinero a los salteños por parte de funcionarios que no valoran su trabajo.,3336,3336,3061,1810,La principal razón que la llevó a abandonar su cargo como Secretaria de Cultura de Salta fue la persecución y el acoso por parte de sectores que consideraban que no valora su trabajo y que le hurta el dinero a todos los salteños.
"Según Hilda 'Chiche' Duhalde, ¿cuál es la principal razón por la que no simpatiza con la vicepresidenta Cristina Kirchner?","Chiche Duhalde manifestó que no le gustaba la forma de ser de Cristina Kirchner, su soberbia y la soledad con la que se manejaba.",1841,1841,1799,2919,No simpatiza con Cristina Kirchner debido a su estilo de liderazgo y su relación con el ex presidente Eduardo Duhalde.
"En la cena anual de la Fundación Libertad, ¿qué mensaje intentó transmitir Mauricio Macri a los asistentes respecto a la unidad de Juntos por el Cambio?",Macri enfatizó que la principal fortaleza de Juntos por el Cambio reside en la unidad y que es crucial mantenerla para lograr un cambio profundo en el país.,3092,3092,3036,3273,Macri trató de transmitir la idea de que la unidad es la clave para el éxito de JxC.
"Según Patricia Bullrich, ¿cuál es la principal diferencia entre su propuesta para gobernar y la de Horacio Rodríguez Larreta?","Bullrich considera que Larreta propone un acuerdo corporativo con el sistema político actual, mientras que ella busca un cambio profundo y la ampliación del crédito social.",1728,1728,1573,3149,"La principal diferencia entre su propuesta y la de Larreta es que Bullrich defiende la ampliación del crédito social, mientras que Larreta propone un acuerdo corporativo."
"En el contexto del debate sobre la ampliación de la Corte Suprema de Justicia en Argentina, ¿cuál fue el principal punto de tensión entre Luis Juez y Oscar Parrilli durante el encuentro en el Senado?",El punto de tensión principal fue la acusación de Juez hacia el oficialismo por hipocresía al discutir la ampliación de la Corte luego de haber roto el acuerdo para la composición del Consejo de la Magistratura.,2722,2722,2249,2422,El principal punto de tensión fue la discusión sobre la modificación de la Corte Suprema de Justicia de la Nación a una semana de haber destruido todos los acuerdos entre los partidos políticos.
"En junio de 2022, ¿qué sucedió con la propuesta de implementar la boleta única de papel en Argentina y qué obstáculos enfrentó?","La propuesta recibió media sanción en Diputados, pero el kirchnerismo en el Senado busca bloquear su avance en la Comisión de Asuntos Constitucionales, controlada por el oficialismo.",3967,3967,3721,3749,La propuesta de implementar la boleta única de papel en Argentina fue rechazada en junio de 2022 por la Comisión de Asuntos Constitucionales.
"En qué año Lasfor, la empresa de cereales fundada por Miguel Ignacio Sforzini y Norberto Laboranti, logró su primera exportación?",Lasfor realizó su primera exportación en 2017.,3018,3018,1099,2931,2017.
En qué fecha la Comisión Nacional de Valores (CNV) de Argentina inició un sumario administrativo contra Generación Zoe por la posible realización de oferta pública e intermediación irregular en el mercado de capitales?,La CNV inició el sumario administrativo contra Generación Zoe en enero de 2022.,45,45,1475,74,La Comisión Nacional de Valores (CNV) inició un sumario administrativo contra Generación Zoe el 9 de enero de 2022.
"Según Hugo ""El Pollo"" Carvajal, ¿cuántos envíos de dinero ilegal se realizaron a Argentina antes del caso de Antonini Wilson?",Carvajal afirma que se realizaron 20 envíos de dinero ilegal a Argentina antes del caso Antonini Wilson.,458,458,543,377,"Varios países, incluyendo Ecuador y Uruguay, recibieron dinero ilegal a través de valijas."
"En 2022, ¿cuál fue la inversión anunciada por MMEX Resources Corporation para la producción de hidrógeno verde en Tierra del Fuego?",MMEX Resources Corporation anunció una inversión de 500 millones de dólares para la producción de hidrógeno verde en Tierra del Fuego.,3640,3640,3666,796,No se mencionó una inversión específica anunciada por MMEX Resources Corporation en 2022.
"En el contexto de la porcicultura argentina, ¿cuál es el principal desafío para la industria en los próximos años para asegurar la rentabilidad del negocio?","Mantener un alto nivel sanitario en las granjas, extremando medidas de bioseguridad para evitar la entrada de agentes patógenos que podrían afectar la salud animal y la producción.",3871,3871,3426,3832,El principal desafío para la industria de la carne de cerdo en Argentina en los próximos años es mantener el alto nivel sanitario de las granjas.
"Según el gobernador de Catamarca, Raúl Jalil, ¿qué tipo de control provincial deberían tener los gobernadores sobre los planes sociales y cuál es el objetivo de este control?",Jalil considera que la reforma de los planes sociales debería incluir un control provincial para poder trabajar en conjunto con el gobierno nacional y transformar los planes en trabajo genuino.,4307,4307,4173,4309,"Los gobernadores deberían tener un control provincial sobre los planes sociales, con el objetivo de trabajar en equipo y asegurar que los planes se realicen de manera efectiva."
"En la próxima Exposición Rural de Palermo, ¿cómo se modificará el acto de inauguración en comparación con ediciones anteriores?","Este año se eliminará el tradicional corte de cintas y se realizará un acto por la tarde con un video conmemorativo, un espectáculo musical y un discurso del presidente de la Rural, sin la presencia de políticos.",3427,3440,3427,1252,"El acto de inauguración de la Exposición Rural de Palermo se modificará en comparación con ediciones anteriores, con un nuevo acto de apertura y un acto de bienvenida."
"En 2022, ¿qué organización reconoció el trabajo de 20 mujeres en el sector agropecuario argentino?","Mujeres Rurales Argentinas, creada en 2019, otorgó el Premio Lía Encalada a 20 mujeres destacadas del sector agropecuario.",1648,1648,30,3353,Mujeres Rurales Argentinas.
"Cómo logró Bitgeyser, una agencia local especializada en realidad aumentada, expandirse internacionalmente?","Bitgeyser logró su expansión internacional gracias a un cliente con negocios en el exterior, específicamente Tetra Pak, una empresa multinacional que les permitió escalar a nivel global.",4261,4261,1295,3714,Bitgeyser logró expandirse internacionalmente a través de la expansión de sus clientes y la creación de proyectos en diferentes países.
"En el mercado laboral actual, ¿cuáles son los oficios que más demandan las empresas en Argentina?","Los oficios más demandados son el personal de mantenimiento y limpieza, seguridad, mecánica, chofer y técnico electrónico.",4132,4240,4132,814,"Según el artículo, las áreas que reciben mayor cantidad de postulaciones por aviso son: Cajero/a, con 2,4 veces la media del segmento de Oficios; Valet Parking, con 2,3 veces; Seguridad, con 2,0 veces; Cadetería, con 1,8 veces; Mantenimiento y Limpieza, con 1,7 veces; y Operador/a de fábrica, con 1,5 veces."
"En el contexto del artículo, ¿qué aspecto fundamental del proyecto de construcción del gasoducto Néstor Kirchner genera controversia dentro del oficialismo?","La polémica se centra en la elección de la empresa que proveerá la chapa para los caños, lo que genera disputas por intereses económicos y cuestionamientos sobre la transparencia en la licitación.",3472,3835,3472,4006,El problema del tipo de cambio.
"En el contexto de la interna del Frente de Todos, ¿por qué el Vaticano evita conceder una audiencia tanto a Alberto Fernández como a Cristina Kirchner?",El Vaticano busca evitar que la figura del Papa Francisco sea utilizada para beneficio político en la interna del Frente de Todos.,3314,3314,3311,2888,El Vaticano evita conceder una audiencia a Cristina Kirchner debido a su intención de usarlo políticamente para apuntalar su posición interna y fortalecer su aspiración reeleccionista.
"En el contexto de la última dictadura militar en Argentina, ¿cómo se explica el cambio de postura de la DAIA en relación a las víctimas del terrorismo de Estado, 46 años después del golpe de Estado?","La DAIA, institución que históricamente fue criticada por su supuesta indiferencia ante el destino de los judíos desaparecidos durante la dictadura, decidió homenajear a las víctimas del terrorismo de Estado, lo que se interpreta como un reconocimiento tardío y una especie de mea culpa.",2032,2032,551,2052,"La DAIA cambió de postura en relación a las víctimas del terrorismo de Estado, 46 años después del golpe de Estado, debido a la presión de la comunidad judía y la presión de la comunidad internacional."
"De acuerdo con las encuestas de D'Alessio IROL y Berensztein, ¿qué porcentaje de los encuestados considera que el fenómeno libertario de Javier Milei es positivo para el país?",El 42% de los encuestados considera que el fenómeno libertario de Javier Milei es positivo para el país.,2454,4010,2707,2616,Ninguno.
"Según el artículo, ¿qué diferencia fundamental entre la carne Angus argentina y la estadounidense destaca Alejandro Salemme?","La principal diferencia radica en el método de crianza, siendo la carne argentina alimentada principalmente a pasto, lo que le otorga un sabor único, mientras que la estadounidense se engorda con granos.",1693,1693,2147,608,"La diferencia fundamental entre la carne Angus argentina y la estadounidense destaca Alejandro Salemme: ""La gente para en el stand porque ve el logo de Angus y también ve el logo de la certificación y pregunta cómo puede hacer para conseguir esa carne."""
"A pesar de su octava reelección como líder de la Unión de Empleados Judiciales de la Nación (UEJN), ¿qué amenaza representa para Julio Piumato el Sindicato de Trabajadores Judiciales (Sitraju) en la Ciudad de Buenos Aires?","El Sitraju, liderado por Juan Manuel Rotta y Vanesa Siley, podría arrebatarle a Piumato la representación de los trabajadores judiciales porteños y la posibilidad de negociar sus salarios.",3042,3042,3342,2272,"El Sindicato de Trabajadores Judiciales (Sitraju) podría extenderse por todo el país, amenazando la representación de los trabajadores judiciales porteños."
"Tras varios años de dedicarse al mercado interno, ¿qué plan tiene la empresa ""Quesos Migue"" para 2022 en relación a la exportación?","La empresa planea retomar la exportación directa a Brasil sin intermediarios, y también explorar nuevos mercados como Perú y Estados Unidos, con el objetivo de alcanzar un 30% de sus ventas en el exterior.",966,966,624,4120,"La empresa ""Quesos Migue"" planea desarrollar el mercado de exportación directa, sin intermediación de clientes o distribuidores o importadores, con un objetivo de alcanzar un 10% de exportación en 2022."
"En el contexto de la carrera presidencial en Argentina, ¿qué tipo de evento político musical organizaron el diputado Javier Milei y el cantante El Dipy en junio de 2022?",Milei y El Dipy organizaron un evento en el que se combinó un show musical con una clase de economía.,3577,3577,4213,4222,"El diputado Javier Milei y el cantante El Dipy organizaron un acto musical con el título ""Cumbia Libertaria"" en el Estadio Gildo Francisco Ghersinich del club El Porvenir."
"Para qué tipo de proyecto se reunieron Ramiro Agulla y Carlos Baccetti, los creadores de la campaña ""La llama que llama"", en el 2022?","Agulla y Baccetti se reunieron para lanzar Black Minds, un proyecto relacionado con NFT e imágenes criptográficas en el metaverso.",2829,2590,2829,2811,Para crear una colección de NFT inspirada en los populares muñecos de los 90.
"A partir de la promulgación de la ley en noviembre del 2021, ¿cuánto tiempo tuvo el Poder Ejecutivo para reglamentar la Ley de Promoción de la Alimentación Saludable?",El Poder Ejecutivo tenía 90 días para reglamentar la ley.,1940,1759,1940,215,El Poder Ejecutivo tuvo 15 meses para reglamentar la Ley de Promoción de la Alimentación Saludable.
"En el 2022, ¿qué tipo de patología se le detectó al intendente de Rosario, Pablo Javkin, y qué tipo de tratamiento se le recomendó?","En 2022, a Pablo Javkin se le diagnosticó una patología prostática,  y se le recomendó un tratamiento que no le impediría seguir con sus funciones habituales.",134,251,134,3321,"En el 2022, se le detectó una ""patología prostática"" al intendente de Rosario, Pablo Javkin, y se le recomendó un tratamiento médico."
"Según el estudio de Equifax, ¿cuál es el salario promedio mensual de las mujeres argentinas entre 18 y 80 años?",El salario promedio mensual para las mujeres argentinas entre 18 y 80 años es de $57.096.,1129,1129,2935,292,El salario promedio mensual de las mujeres argentinas entre 18 y 80 años es de $57.096.
"Durante su viaje oficial por Europa en mayo de 2022, ¿cómo respondió Alberto Fernández a las críticas de Cristina Kirchner sobre el rumbo económico del gobierno?","Alberto Fernández respondió a las críticas de Cristina Kirchner, diciendo que ella tiene una 'mirada parcial' sobre la economía y que no considera los desafíos que enfrenta el gobierno.",3158,3296,3158,2343,Cristina Kirchner no respondió a las críticas de Alberto Fernández sobre el rumbo económico del gobierno.
"De acuerdo al informe anual de la Fundación Libertad de Expresión + Democracia (LED), ¿cómo ha evolucionado el número de casos de censura en Argentina entre 2020 y 2021?",El informe de la Fundación LED registró un aumento de 39 casos de censura en 2021 en comparación con el año anterior.,1886,1886,790,540,El número de casos de censura en Argentina entre 2020 y 2021 ha disminuido significativamente.
"En abril de 2022, ¿qué error se detectó en la aplicación BNA+ del Banco Nación que permitió a los usuarios transferir fondos sin que se descontaran de su cuenta de origen?","Se detectó un error en la aplicación que permitía realizar transferencias a un CVU escribiendo 'Expropiación' como motivo, lo que acreditaba el monto en la cuenta destino sin debitarlo en la de origen.",2182,2182,3190,620,Un error en la sincronización de la mensajería generada por la Red Link y los sistemas centrales del banco permitió a los usuarios transferir fondos sin que se descontaran de su cuenta de origen.
"Durante su visita a Israel en 2022, ¿qué hizo el ministro del Interior argentino, Eduardo ""Wado"" de Pedro, en relación al Holocausto?","De Pedro rindió homenaje a las víctimas del genocidio del pueblo judío en el Yad Vashem, el museo de la historia del Holocausto en Jerusalén.",2910,2910,1372,1345,"Durante su visita a Israel en 2022, el ministro del Interior argentino, Eduardo ""Wado"" de Pedro, se emocionó y dijo que se emocionó con la presencia de víctimas del Holocausto."
"En el marco de una investigación sobre lavado de dinero vinculado al chavismo, ¿qué empresa se ha identificado como la que conecta a Luis Fernando Vuteff García con otros empresarios involucrados en el entramado?","La empresa Columbus One Properties, ubicada en Madrid, se ha identificado como la clave que conecta a Luis Fernando Vuteff García con otros empresarios involucrados en el entramado de lavado de dinero vinculado al chavismo.",1547,1547,878,1011,"Columbus One Properties, una oficina de inversión de Madrid utilizada para lavar miles de millones de euros, es la clave que conecta a Luis Fernando Vuteff García y otros empresarios vinculados al chavismo."
"A partir de la propuesta de la Boleta Única de Papel, ¿cuántas provincias ya aplican este sistema y cuáles son?","Dos provincias, Santa Fe y Córdoba, ya aplican el sistema de Boleta Única de Papel.",2876,1542,2876,3529,4 provincias argentinas.
"Luego de la salida de Falabella del mercado argentino, ¿qué estrategias están implementando las nuevas empresas que buscan ocupar el espacio dejado por la marca chilena?","Cadenas como Landmark, Rex y Coppel están buscando captar a los clientes de Falabella con estrategias que incluyen la expansión de tiendas físicas, la diversificación de productos, el desarrollo de modelos comerciales online y la apuesta por la fabricación local para afrontar las restricciones de importación.",3882,3882,4125,2390,"Las nuevas empresas, como Rex y Coppel, están implementando estrategias de expansión a través de la creación de tiendas departamentales y la expansión en nuevos mercados."
"En marzo de 2022, ¿qué medida anunció el presidente Alberto Fernández para combatir la inflación en alimentos, y a quiénes convocó para diseñar una estrategia conjunta?","Anunció la creación de un fondo de estabilización para evitar que los precios internacionales de los alimentos impacten en el mercado interno y convocó a empresarios, sindicatos, movimientos sociales y otros sectores para diseñar una estrategia conjunta.",1467,1467,2297,121,"Convocó a empresarios, sindicatos y movimientos sociales para diseñar una estrategia conjunta para combatir la inflación en alimentos."
"Tras ser condenado por corrupción, ¿qué decisión tomó Sergio Urribarri respecto a su cargo como embajador en Israel?",Sergio Urribarri presentó su renuncia al cargo de embajador en Israel.,2328,3605,3788,2312,Sergio Urribarri fue desvinculado de la embajada de Israel mediante un decreto presidencial.
"Para consultar el estado de la solicitud del Refuerzo de Ingresos de la Anses, ¿cuáles son las dos maneras en las que los solicitantes pueden verificar si su solicitud ha sido aprobada o rechazada?",Los solicitantes pueden consultar el estado de su solicitud a través del sitio web de Mi Anses o mediante la aplicación móvil Mi Anses.,2983,2983,2601,2826,"Pueden consultar el estado de su solicitud a través de la página web de la Anses, mediante el número de CUIL y clave de seguridad, o mediante la aplicación Mi Anses."
"En 2022, ¿por qué la Dirección Nacional de Defensa del Consumidor imputó a Pedidos Ya y Rappi, y qué tipo de cargo fue el centro de la controversia?","La Dirección Nacional de Defensa del Consumidor imputó a Pedidos Ya y Rappi por incluir un cargo por propina no solicitado en sus plataformas, violando la Ley de Defensa del Consumidor.",1914,1914,592,2790,"En 2022, la Dirección Nacional de Defensa del Consumidor imputó a Pedidos Ya y Rappi por incluir cargos no solicitados en las tarifas de los servicios prestados."
"Según Felipe Solá, ¿cuál es la principal crítica que le realiza al Ministro de Economía Martín Guzmán en relación a su gestión?","Solá critica a Guzmán por un enfoque demasiado teórico en la economía y una falta de pragmatismo en la toma de decisiones, lo que considera que impacta negativamente en la resolución de problemas concretos para los argentinos.",3590,3590,3209,2315,"La principal crítica que le realiza al Ministro de Economía Martín Guzmán es que ""el ministerio de Economía parece una isla, donde se analiza teóricamente todo, pero a la hora de la verdad no pasa nada""."
"De acuerdo con las declaraciones de Elisa Carrió, ¿qué tipo de protección política recibió el fiscal Claudio Scapolan antes de su suspensión?",Scapolan gozó de una escandalosa protección política durante años.,2928,2928,1050,4350,"El fiscal Claudio Scapolan recibió una ""escandalosa protección política"" debido a su relación con Sergio Massa, quien es su íntimo."
"A pesar de las denuncias por venta ilegal de terrenos, consumo de drogas y violencia, ¿por qué se archivó la causa por usurpación en el exclub Planeadores de Los Hornos?","La causa fue archivada porque el juez determinó que la ocupación del predio no se produjo mediante violencia, amenazas, engaño o abuso de confianza, no constituyendo delito de usurpación según el artículo 195 del Código Procesal Penal.",2678,2678,2218,387,"La causa por usurpación fue archivada debido a que no se utilizó violencia, amenazas, engaño o abuso de confianza al ocupar el predio."
"Según Emmanuel Álvarez Ágis, ¿cuál es la principal diferencia entre el acuerdo con el FMI firmado por el gobierno actual y el firmado por el gobierno de Mauricio Macri?","Álvarez Ágis considera que el acuerdo actual con el FMI es único porque no exige un ajuste a cambio de la refinanciación de la deuda, a diferencia del acuerdo de Macri.",519,433,519,1305,"La principal diferencia entre el acuerdo con el FMI firmado por el gobierno actual y el firmado por el gobierno de Mauricio Macri es que el acuerdo actual no incluye reformas estructurales y ajustes, mientras que el anterior incluía tales medidas."
"A pesar de la reducción en las pérdidas de Aerolíneas Argentinas en 2021, ¿cómo se comparó la cantidad de pasajeros transportados en 2021 con la de 2019, antes de la pandemia?","La cantidad de pasajeros transportados por Aerolíneas Argentinas en 2021 fue significativamente menor que en 2019, con una disminución de casi un 66%.",3880,3880,4089,339,"En 2021, Aerolíneas Argentinas transportó 12.999.295 pasajeros, mientras que en 2019 transportaron 12.999.295 pasajeros, lo que representa una disminución del 65,87% en el número de pasajeros."
"En el contexto de las disputas internas del Frente de Todos, ¿qué tipo de mensaje político envía la reunión entre Máximo Kirchner y Pablo Moyano?","La reunión de Máximo Kirchner con Pablo Moyano refleja una búsqueda de unidad en el Frente de Todos, buscando el apoyo del sector sindical frente a las tensiones internas.",1767,1857,1767,1882,"Mientras que Máximo Kirchner y Pablo Moyano se reúnen para ""avivar la interna"" dentro del Frente de Todos, la CGT muestra ""fisuras en sus posiciones""."
"En Tierra del Fuego, ¿cómo se financia el servicio fúnebre obligatorio establecido por una nueva ley provincial?",El servicio fúnebre obligatorio en Tierra del Fuego se financia a través de una tasa que se incluye en la boleta de la luz.,3535,3535,2544,2796,El servicio fúnebre obligatorio se financiará con la recaudación mensual de la factura de energía de los usuarios.
"En el contexto de la Cumbre del G7, ¿cuál fue el motivo principal que impulsó el encuentro bilateral entre el presidente argentino Alberto Fernández y el primer ministro británico Boris Johnson, teniendo en cuenta el contexto histórico de la relación entre ambos países?","El encuentro se llevó a cabo en el marco de los 40 años del conflicto bélico de Malvinas, y fue solicitado por Londres, buscando abrir un diálogo entre ambos líderes.",4433,4433,4339,4327,"El motivo principal del encuentro bilateral entre Alberto Fernández y Boris Johnson fue impulsar la cooperación y la solidaridad entre ambos países en el contexto de la guerra de Malvinas, que tiene un significado histórico y político para Argentina."
"Después de dejar su cargo como secretario de Comunicación y Prensa de la Nación, ¿qué actividades profesionales está llevando a cabo Juan Pablo Biondi?","Biondi se dedica a la consultoría, trabajando con diversos clientes, incluyendo gobernadores, intendentes y empresas, además de escribir un libro sobre comunicación política durante la pandemia.",2257,2257,3166,886,Juan Pablo Biondi se dedica a la escritura de un libro vinculado a la comunicación política durante la pandemia.
"A pesar de las intenciones del Frente de Todos de expulsar a Fabián 'Pepín' Rodríguez Simón del Parlasur, ¿qué ha provocado una postergación en el proceso de remoción, generando malestar entre los impulsores de la expulsión?","La delegación uruguaya solicitó debatir su postura sobre el caso, lo que ha generado sospechas de una maniobra dilatoria por parte de los impulsores de la expulsión.",1823,1823,154,4178,La postergación del proceso de remoción de Pepín Rodríguez Simón del Parlasur se debe a la suspensión de la audiencia en la que se iba a presentar su pedido de remoción.
"Martín Menem, sobrino de Carlos Menem, ha sido elegido diputado provincial en La Rioja por La Libertad Avanza. ¿En qué aspectos emula al líder de la agrupación, Javier Milei?",Martín Menem emula a Javier Milei en su decisión de sortear su salario como diputado.,2066,2066,4184,3456,"Martín Menem, sobrino de Carlos Menem, emula al líder de la agrupación, Javier Milei, en su postura de ""justicialista de centroderecha, con ideas liberales""."
"Según un informe del Instituto para el Desarrollo Social Argentino (IDESA), ¿cuál fue el principal factor que impulsó el aumento atípico de las pensiones no contributivas entre 2009 y 2014?",El informe del IDESA indica que el crecimiento inusual de las pensiones no contributivas entre 2009 y 2014 se debió a la discrecionalidad y el fraude en el otorgamiento de las mismas.,2787,2787,2977,3649,El principal factor que impulsó el aumento atípico de las pensiones no contributivas entre 2009 y 2014 fue la discrecionalidad y fraude en el otorgamiento de estas pensiones.
"En 2016, la Cámara Nacional Electoral declaró inconstitucional la prohibición general de votar para personas condenadas en proceso penal. ¿Cuánto tiempo ha transcurrido desde entonces hasta que la Corte Suprema de Justicia reconoció la mora del Congreso en modificar la ley para permitir el voto a los condenados?",Han transcurrido más de cinco años.,1035,1035,3518,3521,La Corte Suprema de Justicia reconoció la mora del Congreso en modificar la ley para permitir el voto a los condenados en un período de más de cinco años.
"Según el artículo, ¿cuál es la principal diferencia en la percepción del trabajo entre las generaciones X, Millennials y la Generación Z?","Mientras que la Generación X buscaba un equilibrio entre la vida laboral y personal, los Millennials se inclinaban por una integración de ambas y la Generación Z cuestiona si la felicidad se encuentra fuera del ámbito laboral.",4230,2083,1943,2116,"La principal diferencia en la percepción del trabajo entre las generaciones X, Millennials y la Generación Z es que las nuevas generaciones buscan una rutina laboral más flexible y estructurada, mientras que las generaciones anteriores prefieren un modelo híbrido de trabajo."
"En el marco del caso de los cuadernos de las coimas, ¿cómo se justificaron los pagos realizados por tres empresarios a exfuncionarios?","Los empresarios alegaron que los pagos fueron aportes de campaña, no sobornos.",99,99,3616,670,"Los empresarios Manuel Santos Uribelarrea, Hugo Eurnekian y Alejandro Ivanissevich declararon que hicieron donaciones para las elecciones que no quedaron registradas, y sus casos pasaron a la justicia electoral donde es probable que ya no sean sancionados."
"De acuerdo al Relevamiento Inmobiliario de América Latina (RIAL), ¿cuál es el valor promedio del metro cuadrado de un departamento en la Ciudad de Buenos Aires en dólares?",El valor promedio del metro cuadrado en la Ciudad de Buenos Aires es de 2.570 dólares.,2776,2776,4385,2795,El valor promedio del metro cuadrado de un departamento en la Ciudad de Buenos Aires es de 2.570 dólares/m2.
"En el Día de la Memoria, una intendenta de Córdoba generó polémica al negar la cifra oficial de desaparecidos durante la última dictadura militar. ¿Cuál fue la justificación que ofreció la intendenta para minimizar el número de desaparecidos?","La intendenta argumentó que no fueron 30.000 desaparecidos, sino 6.415, y que la situación no fue un genocidio, sino una 'guerra' contra el terrorismo.",2014,2014,2331,1753,"La intendenta Nelly Morales justificó su negación de la cifra oficial de desaparecidos mediante la afirmación de que fue una ""guerra"" y remarcó que los procesos judiciales para condenar a los represores por delitos de lesa humanidad no buscan justicia sino que ""son juicios de venganza""."
"De acuerdo con la información del artículo, ¿qué tipo de bienes raíces fueron encontrados en Argentina en nombre del exsecretario de los Kirchner, Daniel Muñoz, y cuál es la cifra total aproximada de propiedades?","Se encontraron 113 propiedades en Argentina, incluyendo estancias, complejos de cabañas, edificios de cocheras, casas y departamentos.",91,91,674,1725,"Se encontraron 113 propiedades inmobiliarias en Argentina, incluyendo estancias, departamentos, casas, terrenos y cabañas, en nombre del exsecretario de los Kirchner, Daniel Muñoz."
"En 2022, ¿cuál fue el principal objetivo de la reunión entre los miembros de la Corte Suprema de Justicia de la Nación y los tribunales superiores de todo el país en la Sala de Audiencias del Palacio de Justicia?",Definir acciones conjuntas en materia de género en la justicia argentina.,1588,3309,3059,3113,"La reunión entre la Corte Suprema de Justicia y los tribunales superiores de todo el país en la Sala de Audiencias del Palacio de Justicia, en 2022, se centró en la lucha contra el narcotráfico."
"A pesar de que se cumplen 40 años del conflicto de Malvinas, ¿qué aspecto del cementerio de Darwin en las Islas Malvinas refleja que aún hay preguntas sin respuesta sobre la guerra?","La frase ""Soldado argentino sólo conocido por Dios"" presente en algunas lápidas del cementerio, evidencia que aún hay soldados argentinos que no han sido identificados.",1749,1749,1742,1790,"La pregunta no se puede responder de manera directa y precisa, ya que el texto menciona que ""hay cuarenta años con preguntas todavía sin respuesta"" y que ""al menos aquí, entre la llovizna y el viento, muchas familias pudieron al fin llorar a los suyos""."
"En qué fecha se propone establecer el ""Día Provincial del Heavy Metal"" en Chaco y a quién se le dedica esta conmemoración?","El 16 de mayo de cada año se propone establecer el ""Día Provincial del Heavy Metal"" en Chaco, en homenaje a Ronnie James Dio.",3526,3526,2052,4457,"El ""Día Provincial del Heavy Metal"" se propone establecer el 16 de mayo de cada año en Chaco, en homenaje a Ronnie James Dio."
"Según el artículo de Sputnik, ¿por qué el presidente argentino Alberto Fernández estaría traicionando a Vladimir Putin?","Sputnik acusa a Fernández de 'traición' por sus críticas a la invasión rusa de Ucrania y su acercamiento a Alemania, especialmente en el contexto de la ayuda de Rusia con las vacunas Sputnik V durante la pandemia.",3029,3029,1005,858,El presidente argentino Alberto Fernández está traicionando a Vladimir Putin por no haberse reunido con él en Alemania.
"En enero de 2022, ¿qué funcionaria del PAMI fue criticada por viajar a una isla cercana a Cancún mientras el presidente Alberto Fernández había pedido a sus funcionarios que no se fueran al exterior?","La funcionaria criticada por viajar a Holbox, cerca de Cancún, fue Luana Volnovich, jefa del PAMI.",137,250,275,101,Luana Volnovich se fue de vacaciones al Caribe mexicano.
"A 40 años de la Guerra de Malvinas, ¿cuál es la principal causa de la degradación de las Fuerzas Armadas argentinas?","La principal causa de la degradación de las Fuerzas Armadas argentinas es la falta de presupuesto para actualizar el equipamiento militar, incluyendo vehículos, aeronaves y sistemas de armas.",1724,1724,1742,1732,La principal causa de la degradación de las Fuerzas Armadas argentinas es los bajos presupuestos.
"Al 5 de mayo de 2022, ¿a qué precio se negociaba el dólar blue y cómo se comparaba con el tipo de cambio oficial?","El 5 de mayo de 2022, el dólar blue se cotizaba a $198 para la compra y $201 para la venta, lo que representa una brecha de alrededor del 74% con el tipo de cambio oficial mayorista y del 67% con el promedio del tipo de cambio oficial minorista.",2770,2841,3243,3241,"Al 5 de mayo de 2022, el dólar blue se negociaba a $203.50 para la compra y $203.50 para la venta."
"De acuerdo al testimonio de un implicado en el audio, ¿cómo ocurrió el fatal accidente que provocó la muerte del camionero Guillermo Andrés Jara?","Según el testimonio, un grupo de manifestantes persiguió al camionero, arrojándole una piedra al camión desde la cabina del conductor, lo que provocó el accidente.",4264,4264,4282,4342,El camionero Guillermo Andrés Jara murió al chocar con su camión por un piedrazo que recibió cuando intentó atravesar un piquete en reclamo por la falta de gasoil.
"Según Juan Carlos de Pablo, ¿cuál es la crítica principal que le realiza a Joseph Stiglitz con respecto a la recuperación económica argentina en 2021?","De Pablo critica a Stiglitz por exagerar la recuperación económica de Argentina en 2021 al compararla con Estados Unidos, ignorando la fuerte caída del PBI en 2020.",367,367,464,360,La crítica principal de Juan Carlos de Pablo a Joseph Stiglitz es que el economista no mencionó que el PBI argentino cayó el doble de lo que cayó en los Estados Unidos en 2020.
"Según Juan Grabois, ¿quién es el único responsable del Poder Ejecutivo en la Argentina y qué rol cumplen los demás funcionarios?","Según Grabois, el Poder Ejecutivo en Argentina es unipersonal, encabezado por Alberto Fernández, y los demás funcionarios son sus asesores.",2473,2473,3350,3140,El único responsable del Poder Ejecutivo en la Argentina es Alberto Fernández.
"En junio de 2022, ¿qué decisión se esperaba que tomara la Corte Suprema respecto a los recursos presentados por Cristina Fernández de Kirchner en la causa por corrupción en Vialidad?","Se esperaba que la Corte Suprema rechazara por unanimidad los recursos de Cristina Fernández de Kirchner, permitiendo así que la causa por corrupción en Vialidad avanzara hacia el juicio.",4216,4216,1171,408,La Corte Suprema rechazó los recursos presentados por Cristina Fernández de Kirchner en la causa por corrupción en Vialidad.
"En los últimos años, ¿qué impacto ha tenido el aumento de la demanda de mano de obra en los salarios iniciales de los recién graduados en sectores como la tecnología y las finanzas?",El aumento de la demanda de mano de obra ha impulsado un alza significativa en los salarios iniciales para los recién graduados en sectores como la tecnología y las finanzas.,4267,4267,2591,1067,El aumento de la demanda de mano de obra en sectores como la tecnología y las finanzas ha llevado a un aumento en los salarios iniciales de los recién graduados.
"En el contexto político argentino actual, ¿qué tipo de oposición predomina y cuáles son sus características principales?","En Argentina predomina una oposición de principios, que cuestiona al gobierno y a sus políticas, utilizando discursos polarizantes y deshumanizantes para generar un clima de desconfianza y rechazo hacia el oficialismo.",103,103,1833,527,"La oposición en la Argentina predomina en la categoría de ""oposición de principios"", que actúa frente al Gobierno haciendo todo lo que no le gustaría que le hicieran a ella si accediera al poder."
"En el contexto de la reunión con Vladimir Putin en febrero de 2022, ¿qué postura respecto a la relación con el FMI y Estados Unidos expresó el presidente Alberto Fernández?","Alberto Fernández manifestó su deseo de disminuir la dependencia de Argentina con el FMI y Estados Unidos, buscando fortalecer las relaciones con Rusia y otros países para diversificar sus alianzas internacionales.",858,858,915,862,"El presidente Alberto Fernández expresó que ""Argentina tiene que dejar de tener esa dependencia tan grande que tiene con el FMI y Estados Unidos""."
"Según el artículo, ¿cuál es la principal razón por la que la clase media en Argentina se está viendo afectada y en algunos casos,  desplazada a la clase baja?","La clase media se está viendo afectada por la creación de nuevos impuestos y la falta de incentivos para progresar, lo que los obliga a trabajar más para mantener su nivel de vida y, finalmente,  los empuja a la clase baja.",41,2933,4096,3995,La clase media en Argentina se está viendo afectada y desplazada a la clase baja debido a la falta de empleo y la inflación creciente.
"En el caso de la causa judicial que investiga la utilización de fondos municipales de Quilmes, ¿qué tipo de cargos se le imputan a Mayra Mendoza?","La fiscalía amplió la imputación a Mayra Mendoza por los delitos de defraudación a la administración pública, incumplimiento de los deberes de funcionario público, malversación de caudales públicos, negociaciones incompatibles con el ejercicio de funciones públicas y lavado de activos.",3543,3093,3278,3266,"Se le imputan cargos de defraudación contra la administración pública, malversación, incumplimiento de los deberes de funcionario público y lavado de dinero."
"En 2019, ¿cuál fue el resultado electoral del periodista Matías Mowszet, citado por Cristina Kirchner para criticar a la prensa, cuando se postuló como intendente de Villa Carlos Paz?","Matías Mowszet obtuvo solo el 2.6% de los votos, ubicándose en séptimo lugar entre ocho candidatos.",2477,2477,2281,2715,"En 2019, Matías Mowszet, el periodista, obtuvo 871 votos."
"En el contexto del desarrollo de la exploración de petróleo ""offshore"" en Argentina, ¿qué argumentos esgrime el Gobierno para defender el proyecto, considerando las preocupaciones ambientales?","El Gobierno argumenta que el proyecto no presenta riesgos de derrames, citando la experiencia de otros países como Brasil, y que la exploración offshore se realiza a una distancia considerable de la costa, minimizando el impacto ambiental.",201,201,22,1614,"El Gobierno defiende el proyecto de exploración de petróleo ""offshore"" con argumentos ambientales que consideran que los riesgos son ""leves"" y manejables."
Por qué la intendencia de Rojas estuvo vacante desde marzo de 2022?,"El intendente Cristian Ford, afectado por un tumor en la cabeza, se tomó una licencia para recibir tratamiento médico.",4019,4019,953,1203,La intendencia de Rojas estuvo vacante desde marzo de 2022 debido a que el intendente Cristian Ford murió de cáncer a los 45 años.
"En 2022, ¿qué tipo de profesionales están buscando principalmente las empresas tecnológicas Intive y Globant en Argentina?","Intive busca principalmente Business Analyst, QA Analyst, Senior IOs Developer, Senior Python Developer, Senior UX/UI Design y Senior Frontend Developer, mientras que Globant no especifica perfiles concretos, pero busca profesionales en todo el país.",837,837,2607,814,"Las empresas tecnológicas Intive y Globant están buscando principalmente a desarrolladores de software, especialistas en inteligencia artificial y diseño de interfaces de usuario."
"En junio de 2022, ¿cuál fue la principal causa de las protestas de los transportistas en Argentina?",La falta de gasoil y los sobreprecios en el combustible fueron las causas principales de las protestas de los transportistas en Argentina durante junio de 2022.,4105,4105,3803,3826,La principal causa de las protestas de los transportistas en Argentina en junio de 2022 fue la falta de gasoil.
"En el contexto del discurso de apertura de sesiones ordinarias del Presidente Alberto Fernández, ¿cuál fue la razón principal por la que el diputado Facundo Manes se quedó en su banca mientras otros miembros de la oposición abandonaron el recinto?","Facundo Manes decidió quedarse en su banca porque considera que es importante escuchar las ideas del Presidente, incluso si no está de acuerdo con ellas, para poder opinar y participar del debate.",1196,1196,1205,1211,El diputado Facundo Manes se quedó en su banca debido a una crítica al discurso de Alberto Fernández.
"Según Nicolás Kaplun, chief Business Officer para LATAM de Globant, ¿qué plataforma tecnológica podría llegar a reemplazar al smartphone como la predilecta de la sociedad en el futuro?",El metaverso podría llegar a desafiar al smartphone como plataforma predilecta de la sociedad.,4241,4241,4007,2413,El metaverso.
"Durante la manifestación contra el acuerdo con el FMI en Argentina el 10 de marzo de 2022, ¿qué organización se vio involucrada en los incidentes más severos, según la información proporcionada por fuentes policiales?",El Frente de Organizaciones en Lucha (FOL) fue identificado por la Policía como el grupo responsable de los incidentes más graves durante la protesta.,1574,1598,1533,1323,La organización involucrada en los incidentes más severos fue el Frente de Organizaciones en Lucha.
"En el contexto de la inflación argentina, ¿cuál es el principal atractivo que ofrecen los fondos de liquidez inmediata (money market) a los usuarios de billeteras digitales?","Los fondos de liquidez inmediata permiten que los usuarios dispongan del dinero en todo momento y obtengan rendimientos superiores al 30% anual, aunque no logran superar la inflación.",2538,2538,210,1669,"Los fondos de liquidez inmediata (money market) ofrecen rendimientos arriba del 30% anual y permiten generar rendimientos a muy corto plazo, con liquidez inmediata y libre de fluctuaciones de precios."
"Según el artículo, ¿cuál es la principal crítica de Federico Sturzenegger a la visión optimista de Joseph Stiglitz sobre la recuperación económica de Argentina?","Sturzenegger sostiene que Stiglitz ignora o minimiza factores negativos como el endeudamiento, las políticas fiscales y la situación social, presentando una imagen sesgada y optimista de la recuperación económica.",360,360,464,76,La principal crítica de Federico Sturzenegger a la visión optimista de Joseph Stiglitz sobre la recuperación económica de Argentina es que Stiglitz se guía por una idea errónea respecto del préstamo del FMI.
Cuál fue la variación del euro en Argentina durante la última semana?,El euro se mantuvo estable con una variación inferior al 1 por ciento en las últimas cinco jornadas bursátiles.,2539,1699,348,2539,"La variación del euro en Argentina durante la última semana fue de 1,9%."
"En el 46° aniversario del golpe de estado de 1976 en Argentina, ¿cómo se conmemoró la fecha en medio de un oficialismo dividido?","El 24 de marzo de 2022, las diferentes facciones del oficialismo argentino conmemoraron el Día de la Memoria, la Verdad y la Justicia con actos y marchas por separado, reflejando las divisiones internas del Frente de Todos, particularmente por la conducción económica y el acuerdo con el FMI.",1894,1894,1756,1986,"En el 46° aniversario del golpe de Estado cívico - militar del año 1976, se celebró el Día de la Memoria, la Verdad y la Justicia, con actos y conmemoraciones en distintas ciudades de la Argentina."
"De acuerdo con Oscar Cetrángolo, ¿cuál es la principal causa de la ineficiencia del sistema tributario argentino?","Según Cetrángolo, el problema principal es que el sistema tributario argentino se ha ido cargando con impuestos de emergencia que se mantuvieron incluso en períodos de superávit fiscal, lo que limita el margen de maniobra para afrontar nuevas crisis.",1226,1226,352,4069,La principal causa de la ineficiencia del sistema tributario argentino es la alta informalidad.
"En medio de los incendios en Corrientes, ¿qué argumento se esgrimió para justificar el viaje del ministro de Ambiente, Juan Cabandié, a Barbados junto al presidente Alberto Fernández?",El Ministerio de Ambiente alegó que el viaje de Cabandié a Barbados estaba planificado desde hacía tiempo porque la agenda del presidente en la isla caribeña estaba centrada en el tema del cambio climático.,764,764,1173,1057,"El viaje del ministro de Ambiente, Juan Cabandié, a Barbados fue justificado por la agenda del presidente Alberto Fernández en el tema del cambio climático."
"Según Florencio Randazzo, ¿cuál es la principal razón por la que Argentina enfrenta problemas económicos y sociales, y qué solución propone?","Randazzo considera que la falta de autoridad política y la persistencia de la grieta política son los principales problemas de Argentina, y propone la creación de un espacio que supere la polarización y retire a Cristina Kirchner y Mauricio Macri de la escena política.",4319,4319,4306,3675,La principal razón por la que Argentina enfrenta problemas económicos y sociales es la falta de confianza política y previsibilidad en la gestión de la economía y la sociedad.
"A pesar de la disminución del desempleo en Argentina durante 2021, ¿por qué la tasa de pobreza se redujo solo marginalmente?","La inflación constante erosionó el poder adquisitivo de los salarios, lo que limitó la reducción de la pobreza a pesar del aumento del empleo.",1944,1944,1626,1913,La tasa de pobreza se redujo solo marginalmente debido a la disminución del desempleo.
"De acuerdo con la Coalición Cívica, ¿cuál es el principal objetivo de su pedido de información sobre los planes sociales?",La Coalición Cívica busca fiscalizar la asignación de planes sociales para evitar el abuso y la corrupción en su administración.,2301,2301,3210,4206,El principal objetivo de su pedido de información es exponer a distintos dirigentes del Frente de Todos que ocupan cargos estratégicos en el Ministerio de Desarrollo Social y otros funcionarios que se enriquecen a costa de un sistema perverso.
"En su discurso ante empresarios, ¿qué tipo de gobierno busca formar Horacio Rodríguez Larreta para el 2023 y cómo justifica esa decisión?","Larreta busca formar un gobierno de coalición amplia que incluya al 70% del sistema político, excluyendo únicamente a los ""extremos populistas"", para lograr un consenso amplio que permita la estabilidad y las reformas necesarias.",3530,3530,2292,3269,"El gobierno de Horacio Rodríguez Larreta busca formar un gobierno con el 70% de base de sustentación, es decir, con el apoyo de sectores del peronismo que no comulgan con el kirchnerismo."
"En 2022, ¿qué tipo de estafa denunció Sofía Suárez, hija del gobernador de Mendoza, en sus redes sociales? ","Sofía Suárez denunció que una amiga suya, Sofía Galeoti, utilizó su nombre e imagen para estafar a varias personas con entradas falsas para un recital de Harry Styles.",4337,4337,3288,3511,Una estafa de phishing.
"En el caso de Javier Iguacel, exdirector de Vialidad Nacional, ¿cuál es la acusación principal que se le imputa y por qué fue procesado?","Iguacel fue procesado por negociaciones incompatibles con la función pública, acusado de favorecer a empresas con extensiones de concesiones de siete corredores viales sin las licitaciones previas obligatorias.",3949,4189,3949,1313,La acusación principal que se le imputa a Javier Iguacel es la de haber extendido incompatiblemente con la función pública las concesiones de peajes de corredores viales.
"En el contexto de las declaraciones de Elisa Carrió sobre la situación política actual en Argentina, ¿qué crítica le hizo Javier Milei a la líder de la Coalición Cívica?","Milei acusó a Carrió de tener una ""mentalidad de casta"" y de creer que las bancas políticas les pertenecen por derecho, sin importar la voluntad del pueblo.",2329,2329,3922,4185,"Milei criticó a Carrió por su ""mentalidad de casta"" y le advirtió que ""se les acaba la joda""."
"En relación al girasol confitero, ¿cuáles son las principales razones que impulsan su creciente demanda a nivel internacional?",La demanda del girasol confitero aumenta debido a la creciente preferencia por una dieta saludable y la versatilidad de la semilla como alimento.,63,63,3856,335,La principal razón que impulsan su creciente demanda a nivel internacional es la tendencia a adoptar una dieta saludable y sostenible.
"En el almuerzo con empresarios en el Foro Llao Llao, ¿qué dijo Mauricio Macri sobre su posible candidatura a presidente en 2023?","Macri no confirmó su postulación a presidente, pero tampoco la descartó, mencionando que se siente más cómodo fortaleciendo Juntos por el Cambio y trabajando en una unidad para un eventual regreso al poder.",2536,2536,2292,2033,"Mauricio Macri no confirmó su postulación a presidente, pero tampoco le cerró la puerta."
Por qué la Cámara de Casación Penal apartó al juez Roberto Boico de la causa que investiga una denuncia del empresario Fabián De Sousa contra el ex presidente Mauricio Macri?,La Cámara de Casación Penal consideró que Boico había mostrado un prejuzgamiento contra Macri en sus declaraciones públicas antes de asumir su cargo como juez.,2883,2883,1585,3931,La Cámara de Casación Penal apartó al juez Roberto Boico de la causa en la que se investiga una denuncia del empresario Fabián De Sousa contra el ex presidente Mauricio Macri debido a su prejuicio político.
"En qué contexto se confundió Joe Biden con la salida del recinto tras un discurso en Fort Worth, Texas?","Biden se confundió al intentar salir del recinto tras un discurso dirigido a veteranos de guerra, luego de recibir una ovación por parte de la audiencia.",1400,1400,3798,1222,"Se confundió Joe Biden con la salida del recinto tras un discurso en Fort Worth, Texas, cuando comenzó a hacer señas para saber en qué lugar se encontraba la salida."
"En el marco de la disputa legal por la herencia de Diego Maradona, ¿qué medida judicial se ha tomado recientemente respecto al uso de la marca y la imagen del ex futbolista?","La Justicia le ha prohibido a Matías Morla usar la imagen, voz, nombre y seudónimo de Diego Maradona, así como la marca 'Diego Armando Maradona' o cualquier otra relacionada con él.",3192,3192,1381,795,"La Cámara Nacional en lo Civil impuso la prohibición al abogado Matías Morla de usar la imagen, voz, nombre y seudónimo de Diego Armando Maradona."
"En 2022, ¿qué factores externos estaban complicando la decisión de Argentina sobre la compra de aviones de combate para su Fuerza Aérea?","Las principales dificultades externas eran el veto británico a la compra de armas por parte de Argentina tras la guerra de Malvinas, y la disputa geopolítica entre Estados Unidos y China, ya que las dos opciones finales para los cazas eran de origen chino y estadounidense.",2891,867,1008,4165,"La decisión de Argentina sobre la compra de aviones de combate para su Fuerza Aérea se complicó por la presión de China, Rusia, Israel e India."
"Según Javier Milei, ¿por qué se miente sobre la cantidad de desaparecidos durante la última dictadura militar argentina?",Milei sostiene que la cifra de 30.000 desaparecidos es una mentira que se utiliza para obtener financiamiento.,2331,2331,2014,2052,Javier Milei señala que se miente sobre la cantidad de desaparecidos debido a una cuestión de caja.
"Según el artículo de La Nación, ¿a qué se atribuye que Argentina tenga los precios de combustibles más bajos de la región?","El artículo atribuye los bajos precios de los combustibles en Argentina a un ""atraso"" de precios acumulado durante los últimos dos años, producto de las políticas económicas del gobierno nacional.",989,989,3450,1519,"La respuesta es: ""Atribuido a la política económica del Gobierno nacional""."
"En comparación con Buenos Aires, ¿cómo varían las tarifas de transporte público en otras ciudades argentinas?","Las tarifas de transporte público son significativamente más altas en el interior del país en comparación con Buenos Aires, llegando a ser hasta cuatro veces más caras.",701,3260,3235,701,"En comparación con Buenos Aires, las tarifas de transporte público en otras ciudades argentinas son similares o incluso más altas."
En qué lugar se espera que nazca el hijo de Alberto Fernández y Fabiola Yañez?,El hijo de Alberto Fernández y Fabiola Yañez nacerá en el Sanatorio Otamendi.,1781,2018,1781,2050,El hijo de Alberto Fernández y Fabiola Yañez se espera que nazca en el Sanatorio Otamendi.
"En Argentina, ¿cuál es la principal razón del crecimiento del negocio de las pensiones y guarderías para perros y gatos?",El crecimiento de la población animal y la mayor disposición de los dueños a gastar en el cuidado de sus mascotas son las principales razones para el aumento de las pensiones y guarderías para animales.,18,18,3811,2673,La principal razón del crecimiento del negocio de las pensiones y guarderías para perros y gatos es la creciente demanda de cuidado y alojamiento para mascotas debido a la población animal en aumento y la necesidad de un espacio seguro y adecuado para su cuidado.
"En el contexto de la interna del PRO, ¿qué tipo de relación existe entre los asesores de Horacio Rodríguez Larreta y Patricia Bullrich?","Ambos candidatos cuentan con una pareja que trabaja en sus campañas: Julia Pomares asesora a Larreta, mientras que su esposo, Alberto Föhrig, asesora a Bullrich.",1892,1892,2185,1162,Los asesores de Horacio Rodríguez Larreta y Patricia Bullrich son amigos cercanos.
"En el marco del Día del Trabajador, ¿qué tipo de actividad realizará Máximo Kirchner en representación del PJ bonaerense?","Máximo Kirchner encabezará un plenario sindical del PJ bonaerense, con un debate sobre temas como el trabajo, salarios, precios y el FMI.",2718,2718,4329,1893,"Máximo Kirchner participará en un plenario sindical del PJ bonaerense, junto a otros líderes sindicales, para debatir sobre temas laborales y sociales."
En qué país se ubica la nueva planta de producción de termotanques del Grupo Rotoplas?,La nueva planta de producción de termotanques del Grupo Rotoplas se ubica en Argentina.,2167,2167,2407,1684,La nueva planta de producción de termotanques del Grupo Rotoplas se ubica en Argentina.
"En un mercado laboral cambiante, ¿qué porcentaje de las ganancias a lo largo de la vida profesional se atribuye a las habilidades adquiridas a través de la experiencia laboral, más allá de la formación académica?","Según un estudio de McKinsey Global Institute y McKinsey's People & Organizational Performance, el 46% de las ganancias profesionales se deben a las habilidades adquiridas en el trabajo.",3869,3869,2122,71,"Según la investigación de McKinsey, el 46% de las ganancias a lo largo de la vida profesional se atribuyen a habilidades adquiridas a través de la experiencia laboral."
"Según Andrés ""Cuervo"" Larroque, ¿cuál es el principal error que se ha cometido en el Frente de Todos en los últimos dos años, y qué consecuencias ha tenido?","Larroque considera que el error ha sido no escuchar a Cristina Kirchner, lo que ha generado tensiones y ",4041,1807,3457,1990,"El principal error cometido en el Frente de Todos es la ""ingratitud"" hacia Cristina Kirchner y el sector albertista, que se refleja en la negativa a negociar con el Fondo Monetario Internacional (FMI)."
"Según la portavoz del gobierno argentino, Gabriela Cerruti, ¿cuál fue la principal crítica que se le hizo a Juntos por el Cambio por apoyar el Tractorazo?",Cerruti criticó a Juntos por el Cambio por defender a un puñado de empresas que se beneficiaron con la guerra en Ucrania y por no contribuir a la convivencia democrática.,2705,2705,2627,2875,"Apoyar el Tractorazo fue criticado por la portavoz del gobierno argentino, Gabriela Cerruti, por no contribuir a la convivencia democrática."
"En el caso de Vialidad, ¿qué es lo que se espera que suceda en el juicio contra Cristina Kirchner en el año 2022?",Se esperan las últimas declaraciones testimoniales y la sentencia.,408,1171,4216,408,"En el año 2022, se espera que Cristina Kirchner sea condenada en el juicio de Vialidad."
"En el contexto del gobierno de Mauricio Macri, ¿qué resolución judicial se dictó en relación a la denuncia de persecución fiscal presentada por Fabián De Sousa contra el ex titular de la AFIP Leandro Cuccioli?","La jueza María Servini sobreseyó al ex titular de la AFIP Leandro Cuccioli, considerando que las medidas tomadas por su gestión contra los medios del Grupo Indalo no constituyeron delito.",1585,1585,3931,2883,La resolución judicial se dictó en relación a la denuncia de persecución fiscal presentada por Fabián De Sousa contra el ex titular de la AFIP Leandro Cuccioli.
"En febrero de 2022, ¿cuál fue la motivación principal del gobierno de La Rioja para crear la aerolínea estatal Alas La Rioja?","La Rioja buscaba aumentar la oferta de transporte aéreo para atender la demanda de viajes, tanto turísticos como comerciales, y reducir la dependencia de Aerolíneas Argentinas.",679,679,865,1025,La motivación principal del gobierno de La Rioja para crear la aerolínea estatal Alas La Rioja fue impulsar el transporte aéreo de pasajeros y ofrecer un servicio a la comunidad.
"En el contexto de la ganadería, ¿cómo se puede obtener información temprana sobre el potencial productivo de los terneros mediante la genética?","Se utiliza una prueba genómica que analiza el ADN de cada animal para determinar sus fortalezas y debilidades, y predecir su desempeño futuro en la producción de carne o leche.",942,942,2147,2576,La prueba genómica permite conocer temprano las características productivas de los terneros mediante la evaluación de sus ADN y marcadores genéticos.
"Según el artículo, ¿cuáles son las cinco señales que indican que una persona tiene problemas con sus gastos?","Las cinco señales son: no generar excedentes mensuales, no saber en qué se gasta el dinero, tener muchos gastos de consumo y pocos de inversión, no aplicar el período de gracia en los gastos y vivir muy por debajo de las posibilidades económicas.",1269,1269,983,1659,"1) No generás excedentes mensuales
2) No sabés en qué gastás
3) Tenés muchos “gastos de consumo” y pocos “gastos de inversión”
4) No aplicás el “período de gracias” en los gastos
5) Vivís muy por debajo de tus posibilidades económicas"
"En el contexto de la rebelión carapintada de Semana Santa de 1987, ¿qué argumento esgrimía José Horacio Jaunarena para justificar la decisión del gobierno de Raúl Alfonsín de enviar al presidente a Campo de Mayo para negociar con Aldo Rico?","Jaunarena sostenía que era mayor el riesgo de que la gente que estaba afuera de Campo de Mayo avanzara, que el riesgo que corría el presidente al negociar con los rebeldes.",2194,2194,2484,4159,Alfonsín trató de separar las aguas con el oficial llorando que habían peleado en Malvinas.
"Según el intendente de Tigre, Julio Zamora, ¿qué tipo de cambios se necesitan para el futuro del Frente de Todos y cuáles son los líderes que, según él, deberían protagonizar esa nueva etapa?",Zamora considera que el Frente de Todos necesita una etapa de renovación liderada por figuras nuevas que no tengan un pasado político que pueda generar ataduras o impedimentos para un cambio profundo.,1853,1853,126,3620,"""El cambio generacional en el sindicato se tiene que dar, y en el Frente de Todos, Omar Maturano, considera que es necesario un cambio de liderazgo para que el peronismo tradicional, las políticas más profundas del peronismo, puedan ser representadas de manera efectiva."""
"En el poema ""Antonio Chimango"", ¿quién representa la figura del gobernador de Río Grande del Sur entre 1898 y 1928?","El personaje de Antonio Chimango representa a Antonio Borges de Medeiros, gobernador de Río Grande del Sur entre 1898 y 1928.",2151,2151,3617,3542,"El gobernador de Río Grande del Sur entre 1898 y 1928, representado en el poema ""Antonio Chimango"", es Julio Prates de Castilhos."
"En el contexto del Senado argentino, ¿qué fue el 'cristimandering' y qué objetivo tenía?",El 'cristimandering' fue la redistribución de bancas en el Senado realizada por Cristina Kirchner para asegurar que el oficialismo obtuviera más lugares en el Consejo de la Magistratura.,2430,2430,2476,3053,"El ""cristimandering"" fue una estrategia de rediseño de distritos electorales del bloque oficialista en el Senado argentino, implementada por Cristina Kirchner para obtener más lugares en el Consejo de la Magistratura."
"A pesar del récord de exportaciones agropecuarias en Argentina, ¿cuál es la principal razón por la que las reservas del Banco Central se mantienen bajas?","La demanda de divisas para importaciones, compras de energía, la reapertura del turismo internacional y los movimientos de capitales, junto a la falta de confianza en la economía argentina, hacen que las reservas del Banco Central se mantengan bajas.",4098,4098,4114,605,Las reservas del Banco Central se mantienen bajas debido a la falta de confianza en la economía argentina.
"A raíz del triunfo de Gustavo Petro en las elecciones presidenciales de Colombia, ¿qué tipo de mensaje envió Alberto Fernández y qué implicaciones tuvo?",Alberto Fernández felicitó a Gustavo Petro por su victoria y resaltó que su triunfo consolida la democracia y abre camino a una América Latina integrada.,4156,4156,2714,4205,Alberto Fernández felicitó a Gustavo Petro por su triunfo en las elecciones presidenciales de Colombia.
"Durante el fin de semana pasado, se abrió un antiguo depósito de Alpargatas en La Plata, ofreciendo productos a precios muy bajos. ¿Cuáles son algunos ejemplos de las marcas de calzado que se podían encontrar en este depósito?","Entre las marcas de calzado disponibles se encontraban Flecha, Pampero, Panam, Calzado con licencia Disney y Speed.",3888,3888,518,366,"Entre las marcas de calzado que se podían encontrar en este depósito se encontraban Flecha, Pampero, Panam, Calzado con licencia Disney y Speed."
"En marzo de 2022, ¿cómo ha variado la cotización del dólar blue en comparación con su valor a principios de año?","El dólar blue ha retrocedido un 3,92 por ciento en comparación con su valor a principios de año.",1698,1700,1705,3712,"El dólar blue ha variado un 3,42% en comparación con su valor a principios de marzo de 2022."
"Según Emmanuel Álvarez Agis, ¿qué consecuencias negativas tendrá la salida de Matías Kulfas del Ministerio de Desarrollo Productivo?","Álvarez Agis argumenta que la salida de Kulfas, motivada por un supuesto off, genera un clima de miedo que desincentiva a funcionarios a tomar decisiones con convicción y, en consecuencia, provocará un segundo semestre complicado política y económicamente.",3600,3600,3792,3608,"La salida de Matías Kulfas del Ministerio de Desarrollo Productivo podría generar ""una economía no puede depender de diez recitales""."
"De acuerdo con Alfonso Mingo Jozami, ¿cómo se puede lograr una situación beneficiosa para todos los sectores involucrados en la Hidrovía, en relación al peaje?","Según Jozami, se puede lograr una situación beneficiosa para todos los sectores involucrados en la Hidrovía al reducir el peaje, lo que permitiría financiar obras adicionales para aumentar el calado de la vía navegable.",2938,2938,1559,1238,"Para lograr una situación beneficiosa para todos los sectores involucrados en la Hidrovía, se debe bajar la tarifa."
"En abril de 2022, ¿qué medida judicial buscó el diputado Germán Martínez para frenar la designación de Roxana Reyes en el Consejo de la Magistratura?","Martínez solicitó una medida cautelar para impugnar la designación de Reyes, argumentando que su bloque quedaba subrepresentado en el Consejo.",2693,2880,2693,2288,El diputado Germán Martínez buscó la suspensión de la designación de Roxana Reyes en el Consejo de la Magistratura mediante una medida cautelar.
"En 2020, el gobierno argentino implementó una política previsional que modificó la fórmula de movilidad de las jubilaciones. ¿Qué impacto tuvo esta medida en los ingresos de los jubilados?","La suspensión de la fórmula de movilidad en 2020 provocó un ajuste en los ingresos de los jubilados, con aumentos por debajo de la inflación y un menor número de nuevas jubilaciones.",350,350,2589,1125,"La política previsional implementada en 2020 modificó la fórmula de movilidad de las jubilaciones, lo que resultó en un aumento significativo en los ingresos de los jubilados."
"A pesar de estar retirado de la política, ¿cómo describe Mauricio Macri su actual rol en el PRO y en Juntos por el Cambio?","Macri se presenta como un padrino de candidatos, y ve una oportunidad de volver a la presidencia si la crisis se profundiza.",779,2292,2033,2059,"Mauricio Macri describe su rol en el PRO y Juntos por el Cambio como ""líder"" y ""coordinador"" de la oposición."
"En la investigación por los afiches contra Cristina Kirchner, ¿quién se ha convertido en un personaje central según la investigación judicial y cuál es su vínculo con el gobierno de Mauricio Macri?","Valentín Bueno, titular de la agencia de comunicación Latcom LatinAmerica Comunication, es el personaje central de la investigación y fue un proveedor clave de publicidad para el gobierno de Mauricio Macri.",1851,1851,1854,2497,"El personaje central de la investigación judicial es Valentín Bueno, titular de la agencia de comunicación Latcom LatinAmerica Comunication, y su vínculo con el gobierno de Mauricio Macri es que fue el encargado de la imprenta donde se realizaron los trabajos para crear los afiches."
"Por qué el jefe de la policía de Mendoza, Roberto Munives, fue desplazado de su cargo?",Roberto Munives fue desplazado de su cargo por presentar información falsa para que su pareja escalara el Aconcagua sin el pase sanitario obligatorio.,421,421,544,2461,"El jefe de la policía de Mendoza, Roberto Munives, fue desplazado de su cargo debido a que se descubrió que había mentido al tramitar un pedido para que su pareja escalara el Aconcagua sin el pase sanitario correspondiente."
"De acuerdo con las declaraciones del presidente uruguayo Luis Lacalle Pou, ¿cuál es la postura de Uruguay con respecto a la apertura comercial y su relación con el Mercosur?","Uruguay busca abrirse al mundo con acuerdos comerciales, incluso si esto implica actuar por separado del Mercosur, aunque sin violentar el bloque.",3041,3041,3285,4408,"Uruguay busca abrirse al mundo, pero no busca acompañamiento de Argentina y Brasil en el Mercosur."
"En el mercado argentino de colchones, ¿por qué se observa una gran proliferación de marcas y fabricantes, a pesar de que la mayoría de los consumidores son indiferentes a la marca?","El mercado argentino de colchones está altamente fragmentado, con más de 100 fabricantes debido a las bajas barreras de entrada, lo que permite que cualquiera pueda comenzar a producir y vender colchones.",2100,2100,3386,2529,"La proliferación de marcas y fabricantes en el mercado argentino de colchones se debe a que la mayoría de los consumidores son indiferentes a la marca, lo que permite a las empresas expandir su presencia y competir con otras marcas."
"En el caso del allanamiento del búnker de Hugo Moyano, ¿cuál fue la motivación de la jueza María Eugenia Maiztegui para tomar esta decisión?","La jueza Maiztegui decidió allanar el búnker de Hugo Moyano debido a una investigación por extorsión contra un empresario de San Pedro, que sufrió el bloqueo de su distribuidora por parte de sindicalistas de Moyano.",3081,3081,3159,3047,La motivación de la jueza María Eugenia Maiztegui para tomar la decisión de allanar el búnker de Moyano fue por estrés.
"Durante su gestión, ¿cómo logró el intendente Mauricio Davico aumentar el peso de los ingresos propios en el presupuesto municipal de Pueblo General Belgrano, a pesar de haber reducido las tasas?","Davico logró este objetivo al reducir los gastos del municipio, implementando medidas de eficiencia fiscal y reduciendo el personal, lo que generó confianza en la comunidad y un aumento en el pago de las tasas.",2526,2526,3532,1166,Aumentó el peso de los ingresos propios en el presupuesto municipal de Pueblo General Belgrano a través de la reducción de impuestos municipales.
"Debido a la escasez mundial de chips, ¿qué medidas ha implementado el Gobierno argentino para afrontar la falta de tarjetas SUBE en el transporte público de Buenos Aires?","El Gobierno amplió los puntos de venta, entregó nuevas tarjetas y habilitó boleterías del subte como puntos de acceso, además de impulsar un sistema de pago con teléfono móvil como alternativa.",1649,1649,3803,3235,"El Gobierno argentino ha implementado la ampliación de los puntos de venta de la SUBE, con la entrega de 550.000 tarjetas desde enero hasta marzo, y la venta de 50.000 tarjetas en la semana actual."
"Según el CEO de Luigi Bosca, ¿cuál es la clave para tener éxito en el negocio exportador?",La clave del negocio exportador es construir confianza y relaciones de largo plazo.,3891,3891,966,3018,La clave para tener éxito en el negocio exportador es construir confianza.
"Según Alfredo Cornejo, ¿qué medidas deberían implementarse para achicar el estado argentino y cuál es su visión sobre la relación laboral?","Cornejo propone achicar el Estado eliminando ministerios y organismos, además de impulsar una reforma laboral que modifique las relaciones laborales actuales, con un enfoque en la flexibilización y adaptación a las necesidades del mercado.",3741,3741,1471,3684,"Cornejo propuso ""achicar el Estado"" mediante la eliminación de ministerios y la reforma laboral, y también promovió la modificación de las relaciones laborales y la eliminación de impuestos no tributarios."
"Tras la condena a Cristina Kirchner, ¿qué implicancias tiene la sentencia para su futuro político y para las elecciones de 2023?","La condena no impide que Cristina Kirchner compita en las elecciones de 2023, aunque la sentencia podría ser apelada y tiene implicancias en su imagen y posibilidades de triunfo.",3906,3906,2348,2682,"La condena a Cristina Kirchner tendría implicancias significativas para su futuro político y para las elecciones de 2023, ya que podría afectar su capacidad para liderar y representar a la nación."
"Según Graciela Fernández Meijide, ¿cómo utiliza el kirchnerismo la memoria de la última dictadura militar?","Fernández Meijide sostiene que el kirchnerismo hace un uso 'brutal' de la memoria de la dictadura, utilizandola para sus propios fines políticos.",1846,1846,1865,1986,El kirchnerismo utiliza la memoria de la última dictadura militar para justificar su autoritarismo y mantener su poder.
"Según Enrique Lew, ¿cuál es la principal traba para la creación de riqueza en Argentina?","Enrique Lew considera que la principal traba para la creación de riqueza en Argentina es el ataque al empleo, que se manifiesta en los impuestos, la carga burocrática y los juicios laborales.",33,33,3675,1471,La principal traba para la creación de riqueza en Argentina es la falta de empleo.
"En enero de 2022, ¿cuál fue el porcentaje de aumento del precio de la VTV en la provincia de Buenos Aires?",El precio de la VTV en la provincia de Buenos Aires aumentó un 42% en enero de 2022.,561,561,181,478,El precio de la Verificación Técnica Vehicular (VTV) aumentó en 42% en la provincia de Buenos Aires.
Quién es el actual presidente de la empresa estatal Energía Argentina (Enarsa) y cuáles son las principales obras públicas que lleva adelante?,"Agustín Gerez, un abogado de 34 años, es el presidente de Enarsa y está a cargo de la compra de buques de GNL, la construcción de dos represas en Santa Cruz y la construcción del gasoducto Néstor Kirchner.",3420,3420,3822,461,El actual presidente de la empresa estatal Energía Argentina (Enarsa) es Agustín Gerez.
"Según el artículo, ¿qué factor clave impulsa la creciente demanda de empresas de Foodtech en Argentina y Latinoamérica?","La creciente demanda de alimentos personalizados, saludables y sostenibles, impulsada por la conciencia ambiental y la búsqueda de una dieta más balanceada, especialmente entre las nuevas generaciones, es el factor clave que impulsa la creciente demanda de empresas de Foodtech en Argentina y Latinoamérica.",1652,1652,3827,3181,"La demanda de empresas de Foodtech en Argentina y Latinoamérica se impulsa por la creciente conciencia de los consumidores sobre qué comen, cómo se producen sus alimentos y qué impacto tienen en el medio ambiente."
"Cómo se financió el crecimiento patrimonial de Daniel Muñoz, exsecretario de los Kirchner, y cuál fue su trayectoria empresarial?","Daniel Muñoz, quien comenzó como taxista, construyó su imperio inmobiliario a través de un entramado de sociedades anónimas, inversiones en propiedades subvaluadas y la colaboración de Víctor Manzanares, excontador de los Kirchner, quien diseñó la ingeniería financiera para el crecimiento patrimonial de Muñoz.",95,95,91,1725,"El crecimiento patrimonial de Daniel Muñoz se financió principalmente a través de operaciones de inmobiliarias y sociedades anónimas, así como a través de la participación en inversiones en propiedades en Turcas y Caicos y otros lugares."
"En 2022, ¿qué argumento expuso Elon Musk en Twitter para justificar la necesidad de que Tesla se involucre en la minería y refinación de litio?",Elon Musk argumentó que el precio del litio había alcanzado niveles 'demenciales' y que Tesla podría tener que ingresar en la minería y la refinería para controlar los costos.,2337,1262,2337,3664,"""Elon Musk argumentó que la Argentina es un mercado estratégico para la producción de litio debido a su mayor nivel de reservas y su creciente demanda de vehículos eléctricos""."
"En junio de 2022, ¿qué tipo de aeronave, de origen iraní y propiedad de una empresa venezolana, fue retenida en el Aeropuerto Internacional de Ezeiza?","Un Boeing 747 de carga, perteneciente a la empresa Emtrasur, subsidiaria de Conviasa, fue retenido en Ezeiza.",4176,4176,4195,4193,El avión retenido en Ezeiza fue un Boeing 747-300 de carga propiedad de la empresa iraní sancionada por EE.UU. Mahan Air.
"En el contexto de la creciente demanda por entregas rápidas y la necesidad de reducir la huella de carbono, ¿qué iniciativa ha implementado Andreani para contribuir a la sostenibilidad en su logística?",Andreani está trabajando en la incorporación de vehículos eléctricos como parte de su plan Visión 2030 para reducir la huella de carbono.,3861,3861,51,2973,"Andreani ha implementado un plan de sostenibilidad llamado ""Visión 2030"" que incluye la reducción de la huella de carbono, la sustitución de vehículos eléctricos y la creación de un programa de calificación de proveedores sustentables."
"Según Marcos Galperín, ¿cuál es la principal razón por la que muchos empresarios argentinos abandonan el país?",Los empresarios argentinos están cansados de los constantes cambios en las reglas del juego.,2922,2922,221,312,Muchos empresarios argentinos abandonan el país porque están cansados de que cambien las reglas.
"En el contexto de la creciente inflación en Argentina, ¿cómo explica José Ignacio de Mendiguren, presidente del BICE, la situación actual a la luz de la inflación global y la guerra en Ucrania?","De Mendiguren argumenta que la inflación argentina no es simplemente 'una inflación más', sino que está influenciada por la inflación global provocada por la pandemia y agravada por la guerra en Ucrania, que afecta particularmente a la canasta básica alimentaria y la energía.",3091,3091,1467,2058,"La situación actual en Argentina se explica a la luz de la inflación global y la guerra en Ucrania como una ""inflación más"" debido a la alta inflación en otros países como Estados Unidos y Europa."
"En el contexto del conflicto de Malvinas, ¿cómo se relaciona la identificación de Javier Milei con Margaret Thatcher con las críticas que recibió la figura de la ex primera ministra británica en Argentina?","Milei se identifica con Thatcher, quien hundió el crucero General Belgrano durante la Guerra de Malvinas, lo que generó críticas por la pérdida de vidas argentinas.",3951,4030,4168,3951,"La identificación de Javier Milei con Margaret Thatcher se relaciona con las críticas que recibió la figura de la ex primera ministra británica en Argentina, debido a su política socialista y su postura en contra de la libertad económica."
"Según el estudio de Nery Persichini, ¿qué porcentaje de su vida ha transcurrido en recesión un argentino que nació en 1986?",Un argentino nacido en 1986 ha vivido el 42% de su vida en recesión.,487,368,487,3647,Un argentino que nació en 1986 ha transcurrido 42% de su vida en recesión.
"En el contexto de su labor como funcionario judicial, ¿cuántas veces se ha visto involucrado Emilio Rosatti, hijo del presidente de la Corte Suprema de Justicia de la Nación, en situaciones que implicaban alcoholemia positiva al conducir?",Emilio Rosatti ha sido involucrado en dos situaciones con alcoholemia positiva al conducir.,419,419,3173,3055,"Emilio Rosatti, hijo del presidente de la Corte Suprema de Justicia de la Nación, ha sido objeto de múltiples multas por alcoholemia positiva al conducir."
"Según el Fiscal de Estado de Entre Ríos, ¿cuál es el rol del Poder Ejecutivo en la destitución de la fiscal Cecilia Goyeneche?","El Poder Ejecutivo no intervino en el proceso de destitución de la fiscal Goyeneche, ya que no tiene representación en el Jurado de Enjuiciamiento y sus acciones se limitaron a responder un amparo presentado por la propia fiscal.",3592,3780,3592,3773,"El Poder Ejecutivo no interviene en la destitución de la fiscal Cecilia Goyeneche, ya que no tiene representación en la integración del jury."
"Según Juan José Tufaro, ¿cuál es la principal necesidad en materia de movilidad en la Ciudad de Buenos Aires y qué tipo de agenda se debería generar?","Tufaro considera que es necesario generar una nueva agenda para la ciudad que priorice la sustentabilidad y la movilidad eléctrica, con el objetivo de mejorar el medio ambiente y la calidad de vida de los ciudadanos.",3992,3992,3584,3289,La principal necesidad en materia de movilidad en la Ciudad de Buenos Aires es la sustentabilidad.
"En el 2021, ¿qué análisis realizó Georgina Losada sobre la política provincial en Santa Fe que la llevó a convencer a su hermana Carolina de incursionar en la política?","Georgina Losada consideró que la política provincial estaba 'muy planchada' y que la irrupción de un candidato nuevo, proveniente de fuera del ámbito político, podría funcionar.",3174,3174,276,2854,"En el 2021, Georgina Losada realizó un análisis que la llevó a convencer a su hermana Carolina de incursionar en la política."
"Según Sergio 'Kun' Agüero, ¿cuál es el principal problema con el impuesto al patrimonio?","Agüero critica la doble imposición que genera el impuesto al patrimonio, argumentando que si ya se pagan impuestos por los ingresos, no debería haber un gravamen adicional sobre el patrimonio.",645,645,315,56,El principal problema con el impuesto al patrimonio es que genera una doble imposición.
Cuál fue la cotización del dólar blue para la compra y venta el sábado 04 de junio de 2022?,El dólar blue cotizó a $202.00 para la compra y $205.00 para la venta el sábado 04 de junio de 2022.,3702,3702,4419,4144,El precio del dólar blue para la compra y venta el sábado 04 de junio de 2022 fue de $202.00 para la compra y $205.00 para la venta.
"Según Javier Milei, ¿por qué la venta de órganos debería ser legal?",Milei argumenta que la venta de órganos debería ser legal porque las personas deberían tener la libertad de disponer de su propio cuerpo.,3586,3586,3733,3453,"La venta de órganos debería ser legal porque, según Milei, ""es un mercado más"" y las personas deberían poder ""disponer de su cuerpo""."
"En el contexto de los incendios en Corrientes, ¿qué crítica principal le hicieron los senadores de Juntos por el Cambio al Ministro de Ambiente, Juan Cabandié, en la reunión de la Comisión de Ambiente del Senado?","Los senadores de Corrientes, Eduardo Vischi y Mercedes Valenzuela, criticaron la respuesta tardía del Ministerio de Ambiente ante los incendios, cuestionando la efectividad del Plan Nacional de Manejo del Fuego y la falta de acción oportuna para atender la situación.",1178,1178,1173,764,"Los senadores de Juntos por el Cambio criticaron al ministro de Ambiente, Juan Cabandié, por no definir la política agropecuaria provincial."
"Durante una discusión televisiva sobre la situación económica argentina, ¿qué crítica le lanzó Myriam Bregman a Ramiro Marra en referencia a la figura de Domingo Cavallo?","Bregman le pidió a Marra que dejara de reivindicar a Cavallo, alegando que este ya había hundido al país.",454,454,2243,1981,Bregman criticó a Marra por no reivindicar a Cavallo.
Por qué Suramericana decidió vender su negocio de caución ACG?,"Suramericana decidió vender ACG para enfocarse en líneas de seguros generales y de vida, con el objetivo de consolidar su posición en el mercado argentino.",1505,1505,1251,3830,La venta de ACG se realizó debido a un proceso de consolidación en el mercado local para especializarse en líneas de seguros generales y vida.
"En mayo de 2022, ¿cómo se comparaba el precio del dólar blue en relación al mes anterior?","En mayo de 2022, el dólar blue experimentó un aumento del 1% en comparación con el mes anterior.",3241,3243,3711,3712,"En mayo de 2022, el precio del dólar blue era de $202 para la compra y $205 para la venta."
"Según Javier Milei, ¿qué hizo para alimentar a sus perros durante un período de dificultades económicas?",Milei asegura que dejó de comer él para alimentar a sus perros durante un periodo en el que tuvo dificultades económicas.,4432,4252,4432,4373,"Al alimentar a sus perros durante un período de dificultades económicas, Javier Milei los alimentó con pizzas."
"Según Eduardo Belliboni, ¿qué posición toma Luis D'Elía respecto al ajuste económico y al gobierno actual?","Belliboni considera que D'Elía apoya al gobierno y al ajuste económico, convirtiéndolo en un ",1838,1838,1843,2290,Luis D'Elía se opone al ajuste económico y al gobierno actual.
"Según el artículo, ¿cómo se está trabajando para mejorar la eficiencia de la conversión de alimento en carne en la raza Angus?","Se están desarrollando dos nuevos DEPs basados en el Consumo Individual de Materia Seca (CMS) y el Consumo Residual (RFI), utilizando comederos inteligentes para medir el consumo y la ganancia de peso.",2098,2098,608,3426,Se está trabajando para mejorar la eficiencia de la conversión de alimento en carne en la raza Angus mediante la medición del Consumo Individual de Materia Seca (CMS) y el Consumo Residual (RFI) mediante comederos inteligentes.
"Durante su visita a Río Gallegos, ¿qué tipo de artículos compró Cristina Kirchner en la tienda La Juana?",Cristina Kirchner compró ropa en la tienda La Juana.,2224,2224,112,166,La vicepresidenta Cristina Kirchner compró ropa y accesorios.
"En el contexto de la participación de Mauricio Macri en el Mundial de Bridge en Italia, ¿cómo se caracterizó la reacción en las redes sociales?","La participación de Mauricio Macri en el Mundial de Bridge desató una ola de memes y comentarios irónicos en las redes sociales, contrastando su presencia en el torneo con la situación económica del país.",1855,1855,1771,1367,"Las reacciones en las redes sociales fueron de ironía y humor, con muchos usuarios expresando su descontento por la participación de Macri en el torneo."
"A pesar de sus raíces peronistas, ¿cómo ha evolucionado la trayectoria política de Manuel Passaglia, intendente de San Nicolás, en los últimos años?","Manuel Passaglia, originalmente del Frente para la Victoria, se unió al gobierno de María Eugenia Vidal en 2017 y ha mantenido una postura independiente dentro de Juntos por el Cambio.",2237,2237,3124,1543,"Desde 2017, Manuel Passaglia ha evolucionado hacia un perfil más conservador y nacionalista, manteniendo su identidad peronista."
"Según una encuesta de la consultora CB, ¿quiénes son los tres intendentes del conurbano bonaerense con peor imagen?","Los tres intendentes con peor imagen son Mayra Mendoza (Quilmes), Fernando Espinoza (La Matanza) y Mario Ishii (José C. Paz).",2250,1412,2045,2250,"Los tres intendentes con peor imagen son Diego Valenzuela, Federico Achával y Lucas Ghi."
"Debido a la escasez de gasoil y los sobreprecios, ¿qué acción tomaron los transportistas en junio de 2022 para expresar su descontento?","Los transportistas bloquearon con camiones la autopista Buenos Aires-La Plata, impidiendo el acceso a la ciudad de Buenos Aires hasta las 8:30.",3803,4227,3810,3408,Los transportistas autoconvocados decidieron suspender el paro de actividades en junio de 2022.
"En el contexto de la crisis política que atravesaba Argentina en 2022, ¿cómo se manifestó Cristina Kirchner en relación al 25 de Mayo?","Cristina Kirchner publicó un mensaje en Twitter en el que destacó su amor por Argentina y su historia, reconociendo que era un momento difícil para el pueblo, pero animándolo a celebrar la Patria.",3536,3536,3566,1894,"Cristina Kirchner expresó su amor y lealtad a su país y a su historia, y celebró el Día de la Patria con un mensaje de ""Viva la Patria argentinos y argentinas""."
A partir de qué fecha comenzó a aplicarse la pensión vitalicia para familiares de fallecidos por COVID-19?,La pensión vitalicia para familiares de fallecidos por COVID-19 se aplica desde junio de 2020.,3195,3195,1515,2816,Comenzó a aplicarse desde el 1° de junio de 2022.
"En el contexto del 40° aniversario del fin de la Guerra de Malvinas, ¿qué declaración polémica realizó Javier Milei sobre una figura histórica británica, y cómo justificó sus comentarios?","Javier Milei declaró que se sentía identificado con Margaret Thatcher, la Primera Ministra británica,  justificando su admiración por las cualidades de liderazgo de Thatcher y los cambios que implementó en su país, sin referirse a la causa Malvinas.",4168,4168,4030,3951,"Javier Milei justificó su declaración sobre Margaret Thatcher, la primera ministra británica, diciendo que su dotes como líder y cambios en su país, como la inflación baja y la reforma de mercado, no tenían relación con la causa de la Guerra de Malvinas."
"Antes de que el avión venezolano-iraní aterrizara en Argentina, ¿cuántas alertas sobre su posible vinculación con el terrorismo recibió el gobierno argentino?","El gobierno argentino recibió dos alertas sobre el avión, una de la AFI en Paraguay y otra del presidente Alberto Fernández durante su visita a los Estados Unidos.",4453,4453,3933,4166,El gobierno argentino recibió al menos dos alertas sobre el avión venezolano-iraní antes de que aterrizara en Argentina.
"En la interna del clan Moyano, ¿qué desencadenó la exclusión de Pablo Moyano como segundo al mando en la Federación Nacional de Trabajadores Camioneros?","La renovación de autoridades del gremio en diciembre de 2021, donde el cargo de secretario adjunto pasó a manos de Jorge Omar Taboada.",100,100,1083,2878,La exclusión de Pablo Moyano como segundo al mando en la Federación Nacional de Trabajadores Camioneros se debió a la impugnación de una lista opositora encabezada por el periodista Fabián Doman y dirigentes políticos vinculados a Pro.
Cuál es el porcentaje de incremento en la capacidad de generación renovable que tendrá San Juan con la finalización del proyecto del parque solar El Zonda?,El parque solar El Zonda ampliará la capacidad de generación renovable actual de San Juan en un 25%.,805,805,2394,3650,San Juan tendrá un 25% de mayor capacidad de generación renovable.
